row,id,name,distance,notes
2,N1 Cen C,Proxima Centauri,1.301,Gl 559 AB same system; parallaxes NOT combined
3,N1 Cen,Rigil Kentaurus,1.338,Gl 551 same system; parallaxes NOT combined
4,N1 Cen B,Rigil Kentaurus B,1.338,Gl 551 same system; parallaxes NOT combined
5,N1 Oph,Barnard's Star,1.828,
6,N1 Leo,Wolf 359,2.386,
7,N1 UMa,Lalande 21185,2.542,
8,N1 CMa,Sirius,2.631,
9,N1 CMa B,Sirius B,2.631,
10,N1 Cet,Luyten 726-8 A,2.676,
11,N1 Cet B,Luyten 726-8 B,2.676,
12,N1 Sgr,Ross 154,2.968,
13,N1 And,Ross 248,3.165,
14,N1 Eri,,3.226,SB in YPC
15,N1 PsA,Lacaille 9352,3.293,
16,N1 Vir,Ross 128,3.348,
17,N1 Aqr,,3.454,SB3 in Del99b
18,N1 Aqr B,,3.454,interferometric companion in Lei86
19,N1 Aqr C,,3.454,spectroscopic companion
20,N1 CMi,Procyon,3.496,
21,N1 CMi B,Procyon B,3.496,
22,N1 Cyg,,3.496,
23,N1 Cyg B,,3.496,
24,N1 Dra,,3.534,
25,N1 Dra B,,3.534,"CNS91 ""VAR"" refuted by Tok92"
26,N2 And,,3.564,
27,N2 And B,,3.564,
28,N1 Ind,,3.625,
29,N1 Ind B,,3.625,Brown dwarf
30,N1 Ind C,,3.625,Brown dwarf
31,N1 Cnc,,3.626,
32,N2 Cet,,3.644,
33,N1 Hor,,3.676,
34,N3 Cet,,3.72,not combined with NS 0104-1807 because of mismatch
35,N2 CMi,Luyten's Star,3.791,
36,N1 Ari,Teegarden's Star,3.837,
37,N1 Pav,2MASS J18450541-6357475,3.854,
38,N1 Pav B,2MASS J18450541-6357475 B,3.854,Brown dwarf
39,N1 Pic,Kapteyn's Star,3.917,
40,N1 Mic,Lacaille 8760,3.946,
41,N1 Cep,,4.031,C component in YPC?; additional components in Y
42,N1 Cep B,,4.031,
43,N1 Ant,2MASS J10481463-3956062,4.037,Brown dwarf
44,N1 Mon,,4.093,
45,N1 Mon B,,4.093,
46,N2 Oph,Wolf 1061,4.237,"CNS91 ""SB"" not confirmed/refuted"
47,N1 Psc,van Maanen's Star,4.313,
48,N1 Scl,,4.363,
49,N2 Vir,Wolf 424,4.388,
50,N2 Vir B,,4.388,
51,N2 Ari,,4.448,
52,N2 Dra,,4.535,"speckle companion? in YPC; CNS91 ""SB?"" not confirmed/refuted"
53,N1 Sex,,4.539,
54,N1 Ara,,4.54,
55,N2 Cyg,,4.541,astrometric perturbation in Har84
56,N2 Cyg B,,4.541,
57,N2 Cyg C,,4.541,interferometric companion in McC88
58,N1 Mus,,4.617,
59,N4 Cet,,4.695,
60,N2 Aqr,,4.704,
61,N1 Car,,4.786,
62,N2 UMa,,4.854,
63,N2 UMa B,,4.854,
64,N3 UMa,Groombridge 1618,4.859,
65,N2 Leo,Gam Leo C,4.888,astrometric companion? in CNS69 unlikely
66,N1 Gru,,4.931,
67,N1 Her,,4.934,Hipparcos has large parallax error
68,N1 For,LP 944-20,4.965,Brown Dwarf
69,N2 Eri,2MASS J02550357-4700509,4.966,Brown Dwarf
70,N1 Sco,,5.009,
71,N3 Eri,Keid,5.025,
72,N3 Eri B,,5.025,
73,N3 Eri C,,5.025,
74,N1 Lac,,5.049,
75,N3 Oph,,5.103,"CNS91 ""SB"" is the AB orbit"
76,N3 Oph B,,5.103,"CNS91 ""SB"" is the AB orbit"
77,N1 Aql,Altair,5.129,
78,N2 Cnc,,5.23,
79,N2 Cnc B,,5.23,
80,N1 Ori,,5.238,
81,N4 Eri,,5.321,
82,N1 Cam,,5.381,
83,N1 Boo,Wolf 498,5.429,
84,N1 Cap,,5.49,
85,N2 Cam,,5.536,
86,N2 Cam B,,5.536,
87,N1 Gem,Wolf 294,5.569,
88,N1 Lyr,2MASS J18353790+3259545,5.666,Reid et al. 2003
89,N2 Ori,Wolf 1453,5.709,
90,N5 Eri,2MASS J04151954-0935066,5.736,Vrba et al. 2004
91,N3 Dra,Alsafi,5.761,
92,N1 Lep,,5.775,
93,N1 Lep B,,5.775,
94,N2 Pav,,5.824,
95,N2 Aql,,5.848,
96,N2 Aql B,,5.848,
97,N3 Ori,,5.87,
98,N1 Lib,,5.888,
99,N1 Lib B,,5.888,SB1 in Mar89
100,N1 Lib C,,5.888,spectroscopic companion
101,N1 Lib D,,5.888,Brown Dwarf. Gl 570D not in CNS91
102,N1 Tel,,5.916,
103,N2 Psc,,5.934,
104,N1 Cas,Achird,5.939,
105,N1 Cas B,,5.939,SIMBAD GJ 34C incorrect
106,N1 Lup,,5.94,
107,N5 Cet,,5.954,
108,N5 Cet B,,5.954,
109,N3 CMi,,5.969,
110,N4 Oph,,5.97,
111,N4 Oph B,,5.97,
112,N4 Oph C,,5.97,"SB? in CNS91; CNS91 ""VAR"" not confirmed/refuted"
113,N2 Sgr,,6.049,
114,N2 Sgr B,,6.049,
115,N6 Eri,,6.06,
116,N4 Dra,,6.07,
117,N3 Pav,,6.11,
118,N1 Aur,,6.14,SB2 in Joy47
119,N1 Aur B,,6.14,spectroscopic companion
120,N2 Lib,,6.14,
121,N3 Leo,2MASS J09373487+2931409,6.14,Vrba et al. 2004
122,N4 UMa,,6.17,SB in CNS91 disproven; additional components
123,N4 UMa B,,6.17,SB in CNS91 disproven
124,N2 Tel,,6.2,
125,N3 Lib,,6.28,
126,N1 Peg,,6.34,SB1 in Del99b
127,N1 Peg B,,6.34,SB1 in Del99b
128,N1 Peg C,,6.34,Gl 896C not in CNS91; spectroscopic companion
129,N1 Peg D,,6.34,Gl 896D not in CNS91; spectroscopic companion
130,N3 Cnc,,6.37,
131,N2 Cen,,6.38,
132,N2 Her,,6.4,
133,N2 Her B,,6.4,
134,N1 Hya,,6.4,
135,N3 Her,,6.41,
136,N3 Cen,,6.44,large HIP parallax and error; corrupted by HIP 54293
137,N4 Ori,,6.45,
138,N5 Oph,Wolf 630,6.45,
139,N5 Oph B,,6.45,
140,N5 Oph C,,6.45,Gl 644D not in CNS91
141,N5 Oph D,Wolf 629,6.45,"CNS91 ""SB"" refuted in Maz01"
142,N5 Oph E,,6.45,
143,N2 Cas,Bradley 3077,6.52,astrometric companion? in YPC
144,N2 Car,,6.53,
145,N3 Vir,,6.54,
146,N5 Dra,,6.59,
147,N4 Leo,Ross 104,6.66,
148,N2 Peg,Ross 775,6.75,SB1 in Del99b
149,N2 Peg B,,6.75,Gl 829B not in CNS91; spectroscopic companion
150,N4 Cnc,,6.77,
151,N4 Cnc B,,6.77,
152,N4 Cnc C,,6.77,
153,N2 Boo,,6.78,
154,N2 Boo B,,6.78,
155,N5 Leo,,6.8,"CNS91 ""SB"" not confirmed/refuted; RECONS: PM = 1.150; angle 225.1"
156,N5 Cnc,Ross 619,6.84,
157,N3 Peg,Ross 671,6.86,"CNS91 ""SB"" refuted in Mar89 and Tok92"
158,N7 Eri,,6.91,From RA/dec/PM etc: HIP 14101 (NSTARS) = LP 771-095 A (RECONS)
159,N7 Eri B,,6.91,"separation 7"""
160,N7 Eri C,,6.91,"separation < 2"""
161,N2 Cep,,7.06,"SB in CNS91; CNS91 ""SB"" refuted by Tok92"
162,N1 Vol,,7.08,
163,N2 Ara,,7.17,
164,N2 Ara B,,7.17,
165,N3 Psc,,7.23,
166,N2 Sco,,7.23,
167,N2 Sco B,,7.23,
168,N2 Sco C,,7.23,
169,N2 Sex,Ross 446,7.27,
170,N6 Dra,,7.27,
171,N6 Cet,,7.3,
172,N6 Cet B,,7.3,
173,N6 Cet C,,7.3,Gl 105C not in CNS91
174,N2 Scl,,7.39,interferometric quadruple
175,N2 Scl B,,7.39,interferometric companion in Lei94
176,N2 Scl C,,7.39,interferometric companion in Lei94
177,N2 Scl D,,7.39,
178,N3 Aqr,,7.44,
179,N4 Psc,Wolf 25,7.44,
180,N1 Hyi,,7.47,
181,N5 Psc,,7.48,
182,N4 Her,,7.5,SB1 in Rei97
183,N4 Her B,,7.5,spectroscopic companion
184,N1 Ser,,7.54,
185,N3 Cas,,7.54,
186,N3 Cas B,,7.54,
187,N4 Vir,Ross 490,7.54,
188,N3 Cam,,7.57,
189,N3 Ari,,7.63,
190,N2 PsA,Fomalhaut,7.66,same system as Gl 879
191,N2 PsA B,,7.66,same system as Gl 881. Updated NS id to match A comp.
192,N6 Oph,Wolf 718,7.72,
193,N2 Lyr,Vega,7.75,
194,N2 Gem,,7.76,
195,N2 Ser,,7.8,
196,N4 Cen,,7.84,
197,N1 Phe,,7.85,
198,N3 Sex,,7.86,CNS91 companion not confirmed/refuted
199,N2 Cap,,7.95,astrometric perturbation in Lip79
200,N2 Cap B,,7.95,interferometric companion in Bla87
201,N2 Cap C,,7.95,interferometric companion in Hen99
202,N1 Pup,,7.96,New RECONS parallax
203,N3 Cep,,7.99,"CNS69 companion not in CNS91: ""optical"""
204,N5 Ori,,8,
205,N5 Her,,8.02,astrometric perturbation in Lip78
206,N5 Her B,,8.02,interferometric companion in McC88
207,N7 Dra,,8.03,SB 280.55 days in YPC; additional components in; SB in Cra28
208,N7 Dra B,,8.03,spectroscopic companion
209,N2 Pup,,8.05,
210,N2 Pup B,,8.05,
211,N6 Ori,Tabit,8.06,
212,N1 Lyn,,8.06,
213,N8 Eri,,8.07,
214,N8 Eri B,,8.07,
215,N4 Aqr,,8.08,
216,N6 Her,,8.09,
217,N3 And,,8.1,
218,N5 Vir,,8.12,"CNS91 ""SB"" not confirmed/refuted"
219,N5 Aqr,,8.14,
220,N4 Cas,Ross 318,8.17,possible cpm with YPC 86.00
221,N3 Lyr,17 Lyr C,8.18,not part of the 17 Lyr system in Gic67
222,N3 Lyr B,,8.18,
223,N5 UMa,,8.19,
224,N1 Tuc,,8.2,
225,N6 Vir,Wolf 437,8.21,
226,N1 CrA,,8.21,
227,N8 Dra,,8.23,
228,N7 Vir,Wolf 489,8.24,
229,N7 Her,,8.27,SB2 in Giz96
230,N7 Her B,,8.27,GJ 1230C not in CNS91; spectroscopic companion
231,N7 Her C,,8.27,
232,N9 Eri,,8.29,large HIP parallax and error; corrupted by HIP 2
233,N2 Lep,,8.31,
234,N2 Lep B,,8.31,
235,N6 UMa,Alula Australis,8.37,SB in CNS91
236,N6 UMa B,,8.37,SB in CNS91
237,N6 UMa C,,8.37,
238,N6 UMa D,,8.37,
239,N3 Gem,Ross 64,8.38,
240,N8 Vir,,8.38,
241,N1 CVn,Chara,8.39,SB 2429.9 days in YPC
242,N1 CVn B,,8.39,companion in CHARA
243,N8 Her,,8.4,astrometric perturbation in Hei87 not confirmed/
244,N8 Her B,,8.4,
245,N8 Her C,,8.4,
246,N8 Her D,,8.4,Gl 695D not in CNS91; astrometric companion
247,N5 Cen,,8.41,
248,N3 Sco,,8.43,
249,N3 Sco B,,8.43,
250,N4 Ari,,8.5,
251,N9 Vir,,8.52,
252,N2 Hya,,8.53,
253,N7 Cet,,8.54,
254,N7 UMa,,8.58,
255,N2 Tuc,,8.59,
256,N1 Oct,,8.61,
257,N6 Aqr,,8.64,SB 4.08 days in YPC; SB2 in Her65
258,N6 Aqr B,,8.64,spectroscopic companion
259,N6 Aqr C,,8.64,
260,N1 Men,,8.74,
261,N1 Men B,,8.74,
262,N2 Mon,,8.74,
263,N2 Mon B,,8.74,
264,N7 Aqr,Wolf 1329,8.75,
265,N3 Ara,,8.76,
266,N3 Ara B,,8.76,
267,N1 Sge,Ross 730,8.76,
268,N1 Sge B,Ross 731,8.76,
269,N4 CMi,,8.77,
270,N4 CMi B,,8.77,CHANGE COORDS TO MATCH NS 0751+0000 A
271,N1 Del,,8.79,
272,N1 Del B,,8.79,Gl 791.2B not in CNS91; interferometric companion in Ben00
273,N10 Eri,,8.8,"CNS91 ""SB"" refuted in Tok92"
274,N7 Ori,,8.8,
275,N7 Ori B,,8.8,
276,N3 Cap,,8.82,"CNS91 ""SB?"" not confirmed/refuted"
277,N1 Pyx,,8.87,
278,N1 Crv,Ross 695,8.89,
279,N3 Pup,,8.9,
280,N3 Pup B,,8.9,
281,N6 Psc,,8.93,
282,N3 Lep,,8.95,CNS69 component C not in CNS91; refuted in LHS79
283,N3 Lep B,,8.95,
284,N4 Peg,,8.97,
285,N3 Hya,,8.98,
286,N11 Eri,Rana,9.02,
287,N2 CVn,Ross 1015,9.05,
288,N8 UMa,,9.08,
289,N4 Hya,,9.1,
290,N9 UMa,Groombridge 1830,9.11,A but no B in CNS91; CNS91 companion not confirmed/refuted
291,N5 Hya,,9.13,
292,N8 Cet,,9.17,SB? in CNS91
293,N1 Com,,9.19,SB 5 yrs? in YPC;
294,N1 Tau,Ross 33,9.19,
295,N4 Pav,,9.21,
296,N2 Lyn,,9.22,
297,N6 Cen,,9.24,
298,N6 Cen B,,9.24,
299,N1 Vel,,9.26,
300,N4 Lep,,9.27,
301,N2 Aur,,9.29,
302,N3 Cyg,Wolf 1069,9.3,
303,N5 Lep,,9.34,
304,N4 Cam,,9.4,
305,N9 Cet,,9.4,
306,N2 For,,9.47,
307,N10 UMa,,9.48,
308,N12 Eri,,9.49,
309,N9 Dra,,9.49,
310,N13 Eri,,9.51,
311,N2 Vel,,9.51,
312,N9 Her,,9.53,
313,N6 Hya,,9.54,
314,N6 Hya B,,9.54,
315,N2 Phe,,9.55,
316,N2 Phe B,,9.55,GJ 1001B not in CNS91
317,N7 Oph,,9.58,
318,N7 Cen,,9.58,
319,N4 Ara,,9.62,
320,N10 Dra,,9.63,
321,N1 LMi,,9.72,
322,N8 Ori,Ross 41,9.74,
323,N5 Ari,,9.77,
324,N10 Her,,9.77,
325,N8 Oph,,9.8,
326,N2 Del,,9.8,
327,N5 Ara,,9.82,
328,N4 Lib,,9.82,
329,N4 Gem,Wolf 287,9.84,
330,N2 Mic,,9.87,
331,N2 Mic B,,9.87,Gl 803 same system
332,N2 Mic C,,9.87,Gl 803 same system
333,N1 UMi,,9.87,
334,N10 Cet,,9.88,
335,N7 Hya,,9.9,
336,N3 Boo,2MASS J15010818+2250020,9.92,complete name TVLM 513-46546
337,N9 Oph,Wolf 751,9.93,"A but no B in CNS91; speckle companion? in YPC; CNS69 companion not in CNS91: ""optical"""
338,N11 Her,,9.97,
339,N5 Cas,,9.98,astrometric companion? in YPC
340,N1 Vul,,9.99,
341,N1 Aps,,10.01,
342,N11 Cet,,10.02,not combined with NS 0112-1659 because of mismatch
343,N11 UMa,,10.02,
344,N4 Boo,,10.02,
345,N4 Boo B,,10.02,imaged companion in For88
346,N4 Boo C,,10.02,
347,N4 Boo D,,10.02,
348,N6 Cas,Wolf 46,10.03,"SB? in CNS91; CNS91 ""SB?"" refuted in Tok92"
349,N6 Cas B,,10.03,
350,N8 Aqr,,10.04,
351,N8 Aqr B,,10.04,
352,N3 Aql,Wolf 1062,10.08,astrometric perturbation in Har77
353,N3 Aql B,,10.08,interferometric companion in Fra98
354,N12 UMa,,10.1,
355,N2 Men,,10.15,
356,N11 Dra,,10.15,SB3 in Del99
357,N11 Dra B,,10.15,spectroscopic companion in Sta86
358,N11 Dra C,,10.15,interferometric companion in Hen99
359,N8 Hya,,10.15,
360,N8 Hya B,,10.15,
361,N2 Oct,,10.16,
362,N10 Vir,,10.16,
363,N2 Hyi,,10.17,
364,N2 Hyi B,,10.17,
365,N6 Leo,Ross 905,10.18,
366,N9 Hya,,10.18,"CNS91 ""SB"" not confirmed/refuted but ""doubtful"""
367,N3 Vel,,10.19,large HIP parallax and error; corrupted by HIP 5
368,N4 Aql,,10.19,
369,N4 Aql B,,10.19,
370,N7 Cas,,10.19,possible cpm with YPC 202.00
371,N7 Cas B,,10.19,
372,N7 Cas C,,10.19,Gl 22C not in CNS91
373,N5 Cam,,10.2,
374,N13 UMa,,10.2,
375,N12 Cet,2MASS J01231802-1256233,10.22,
376,N12 Her,Ross 860,10.25,"CNS91 ""VAR"" refuted in Mar89"
377,N9 Aqr,Wolf 1340,10.27,
378,N14 UMa,,10.28,
379,N2 Tau,,10.31,
380,N15 UMa,,10.32,
381,N5 Gem,Pollux,10.33,
382,N2 LMi,,10.34,
383,N14 Eri,,10.34,
384,N1 Per,,10.35,
385,N5 Boo,Ross 52,10.35,
386,N5 Boo B,,10.35,
387,N1 Tri,,10.37,
388,N3 Tau,,10.38,
389,N3 Tau B,,10.38,
390,N11 Vir,Ross 119,10.41,
391,N13 Cet,Wolf 124,10.41,
392,N3 CVn,,10.41,SB? in CNS91; interferometric triple
393,N3 CVn B,,10.41,imaged companion
394,N3 CVn C,,10.41,interferometric companion in Har94
395,N10 Aqr,,10.42,
396,N2 Per,,10.43,
397,N9 Ori,,10.45,
398,N9 Ori B,,10.45,
399,N3 Mon,,10.45,
400,N3 Mon B,,10.45,
401,N15 Eri,,10.47,
402,N3 Car,,10.47,
403,N3 Lyn,,10.48,
404,N3 Lyn B,,10.48,
405,N8 Cen,,10.49,
406,N3 Per,,10.54,
407,N2 Pyx,,10.62,
408,N4 CVn,,10.62,
409,N13 Her,,10.64,"SB in CNS91; CNS91 ""SB"" is likely the AB orbit"
410,N13 Her B,,10.64,"SB? in CNS91; CNS91 ""SB? is likely the AB orbit"
411,N10 Oph,Wolf 635,10.65,
412,N10 Oph B,Wolf 636,10.65,same as YPC 3880.00
413,N5 Peg,,10.66,large HIP parallax and error; corrupted by HIP 1
414,N1 Crt,,10.66,
415,N2 Sge,,10.68,
416,N11 Aqr,,10.68,
417,N16 UMa,,10.69,
418,N6 Peg,,10.71,
419,N14 Her,,10.72,
420,N11 Oph,,10.74,SB1 in Tok91
421,N11 Oph B,,10.74,spectroscopic companion
422,N2 Vul,Ross 165,10.75,HIPnumber;noparallax
423,N2 Vul B,,10.75,
424,N5 Aql,,10.76,
425,N4 Cep,,10.78,SB 7.75 days in YPC; SB2 in Chr34
426,N4 Cep B,,10.78,spectroscopic companion
427,N4 Cep C,,10.78,
428,N15 Her,,10.8,
429,N15 Her B,,10.8,Record added from MOD1A.000620.update
430,N12 Dra,,10.81,"CNS91 ""VAR"" refuted in Tok92"
431,N12 Dra B,,10.81,
432,N2 Tri,,10.82,SB 10.0 days in YPC
433,N2 Tri B,,10.82,
434,N12 Vir,,10.82,"CNS91 ""VAR"" not confirmed/refuted"
435,N6 Boo,,10.82,
436,N4 Pup,,10.85,
437,N2 Hor,,10.88,
438,N13 Vir,Zavijah,10.89,SB? in CNS91;
439,N5 CVn,,10.9,"CNS91 ""SB?"" not confirmed/refuted"
440,N16 Eri,,10.91,
441,N14 Vir,Ross 848,10.98,
442,N8 Cas,Wolf 44,11,
443,N9 Cas,,11.04,
444,N17 Eri,,11.07,
445,N10 Ori,,11.07,
446,N13 Dra,,11.07,
447,N3 Ser,,11.09,
448,N7 Psc,,11.1,
449,N16 Her,,11.1,
450,N14 Cet,,11.1,
451,N4 Lyn,,11.11,
452,N4 Lyn B,,11.11,
453,N4 Lyn C,,11.11,astrometric companion
454,N7 Leo,Denebola,11.11,addtional components in YPC; LHS79 companion not in CNS91; not confirmed/refuted
455,N4 Ser,,11.13,
456,N4 Vel,,11.14,
457,N5 Vel,,11.14,
458,N3 LMi,,11.17,
459,N3 LMi B,,11.17,
460,N17 UMa,,11.17,HIP number; no parallax
461,N17 UMa B,,11.17,
462,N5 Lib,Wolf 1478,11.17,
463,N1 Dor,,11.18,
464,N1 Dor B,,11.18,from HIP
465,N14 Dra,,11.2,
466,N18 UMa,Ross 1003,11.24,
467,N15 Dra,,11.24,
468,N12 Oph,,11.24,
469,N4 Per,,11.25,
470,N4 Per B,,11.25,
471,N6 CVn,,11.26,
472,N6 CVn B,,11.26,HIP number; no parallax
473,N12 Aqr,,11.26,
474,N7 Boo,Arcturus,11.26,companion in HIP not real?
475,N2 Com,,11.28,
476,N2 Com B,,11.28,
477,N4 Lyr,Ross 145,11.3,
478,N8 Psc,,11.31,
479,N8 Boo,Ross 837,11.31,
480,N5 Lyr,,11.31,
481,N5 Lyr B,,11.31,
482,N8 Leo,Ross 85,11.36,
483,N9 Boo,Muphrid,11.36,SB 494.17 days in YPC; additional components in
484,N9 Boo B,,11.36,
485,N5 Ser,,11.37,
486,N18 Eri,,11.38,
487,N11 Ori,,11.38,Using Hipparcos Parallax: Yale parallax too small.
488,N3 Tuc,,11.38,
489,N15 Vir,,11.38,astrometric perturbation in Hei90
490,N15 Vir B,,11.38,adaptive optics companion in Beu01
491,N6 Aql,,11.39,
492,N16 Vir,,11.4,
493,N6 Lep,,11.41,
494,N6 Cam,,11.44,Probably single (though interferometric binary in Hen99)
495,N2 Ant,,11.46,
496,N4 Tau,,11.49,
497,N4 And,,11.49,Gl 2 same system
498,N4 And B,,11.49,Gl 2 same system
499,N4 And C,,11.49,Gl 4 same system
500,N4 And D,,11.49,
501,N19 Eri,,11.51,SB 1.56 days in YPC; eclipsing binary primary
502,N19 Eri B,,11.51,eclipsing binary secondary
503,N3 Hor,,11.52,
504,N2 Dor,,11.53,
505,N10 Boo,,11.54,SB in Bea83
506,N10 Boo B,,11.54,
507,N9 Psc,,11.55,
508,N3 Com,,11.55,"GJ 1167 B is not real; CNS79 companion not in CNS91: ""component B doesn"
509,N4 Cyg,,11.55,
510,N4 Cyg B,,11.55,from HIP
511,N7 Peg,Ross 271,11.56,
512,N10 Cas,Ross 10,11.6,HIP number; no parallax
513,N7 Aql,,11.63,SB2 in Mar87
514,N7 Aql B,,11.63,spectroscopic companion
515,N5 Lyn,,11.64," CNS91 ""SB"" not confirmed/refuted"
516,N5 Lyn B,,11.44,
517,N3 Dor,,11.65,
518,N9 Leo,,11.66,
519,N6 Lyr,,11.7,
520,N4 Mon,,11.71,
521,N19 UMa,,11.73,
522,N19 UMa B,,11.73,
523,N13 Oph,,11.73,
524,N13 Oph B,,11.73,
525,N8 Peg,,11.75,SB 10.21 days in YPC; SB in Pet49
526,N8 Peg B,,11.75,spectroscopic companion
527,N6 Ser,Ross 508,11.75,
528,N7 Ser,,11.76,
529,N9 Cen,,11.76,
530,N7 Cam,,11.79,
531,N5 Tau,,11.8,BD+04 701B does not appear to have common proper
532,N10 Cen,,11.82,
533,N17 Vir,Porrima,11.83,
534,N17 Vir B,,11.83,
535,N8 Cam,,11.84,
536,N4 Cap,Deneb Algedi,11.84,SB 1.02 days in YPC; additional components in Y; eclipsing binary primary
537,N4 Cap B,,11.84,eclipsing binary secondary
538,N5 And,,11.86,
539,N11 Boo,,11.88,
540,N11 Boo B,,11.88,from HIP
541,N5 Cyg,,11.89,
542,N2 Ind,,11.89,
543,N15 Cet,,11.92,
544,N5 Per,Ross 28,11.92,
545,N10 Leo,,11.92,
546,N17 Her,,11.98,
547,N13 Aqr,Wolf 940,11.98,
548,N11 Cas,,12,
549,N10 Psc,,12.02,
550,N10 Psc B,,12.02,from HIP; imaged companion in HIP
551,N18 Her,Wolf 654,12.03,
552,N20 UMa,,12.06,
553,N20 UMa B,,12.06,
554,N4 Sex,,12.06,SB2 in Del99b
555,N4 Sex B,,12.06,spectroscopic companion
556,N12 Boo,,12.06,
557,N12 Boo B,,12.06,
558,N12 Cas,,12.07,
559,N1 Ret,,12.09,
560,N1 Ret B,,12.09,
561,N1 TrA,,12.1,SB 12.98 days in YPC
562,N1 TrA B,,12.1,
563,N3 Ind,,12.11,
564,N11 Psc,,12.12,
565,N9 Peg,,12.14,interferometric triple
566,N9 Peg B,,12.14,imaged companion
567,N9 Peg C,,12.14,"interferometric companion in Jef93; 0.1"" from B"
568,N2 Crt,,12.15,
569,N3 Pyx,,12.17,
570,N14 Aqr,Wolf 918,12.19,
571,N12 Ori,Wolf 1539,12.22,
572,N21 UMa,,12.22,
573,N10 Peg,,12.22,
574,N3 For,,12.24,
575,N3 Aur,,12.25,
576,N3 Aur B,,12.25,
577,N6 Gem,,12.25,is YPC 1695.03 companion?
578,N2 Lup,,12.25,
579,N2 TrA,,12.31,A but no B in CNS91; additional components
580,N2 TrA B,,12.31,CNS69 companion confirmed via 2 DSS epochs
581,N20 Eri,,12.34,
582,N16 Cet,,12.35,
583,N5 Mon,,12.35,
584,N6 Cyg,,12.36,
585,N13 Ori,Ross 46,12.41,
586,N19 Her,,12.42,
587,N5 Sex,,12.42,
588,N9 Cam,,12.45,
589,N6 And,Wolf 1056,12.48,
590,N11 Cen,,12.51,
591,N11 Peg,,12.52,
592,N22 UMa,,12.53,
593,N4 For,,12.56,
594,N4 Car,,12.57,
595,N6 Ara,,12.57,
596,N6 Tau,,12.58,
597,N8 Aql,,12.58,
598,N5 Pup,,12.58,
599,N6 Cnc,,12.58,
600,N6 Cnc B,,12.58,
601,N7 And,,12.61,
602,N12 Psc,,12.61,
603,N10 Hya,,12.65,
604,N11 Leo,Ross 92,12.66,
605,N4 Aur,,12.67,
606,N5 For,,12.67,
607,N21 Eri,,12.7,
608,N8 And,,12.7,
609,N8 And B,,12.7,
610,N14 Oph,,12.71,astrometric companion? in CNS79; astrometric perturbation in Chr78 not confirmed/
611,N12 Peg,,12.72,astrometric perturbation in Bie64
612,N12 Peg B,,12.72,astrometric companion; interferometric companion in HenXX (unpublished)
613,N1 Sct,,12.74,"imaged companion in HIP but HIP says ""ambiguous"
614,N13 Boo,,12.74,
615,N13 Boo B,,12.74,eclipsing binary primary
616,N13 Boo C,,12.74,eclipsing binary secondary
617,N13 Cas,,12.76,
618,N14 Ori,,12.79,
619,N16 Dra,,12.79,
620,N15 Aqr,,12.79,
621,N12 Cen,,12.79,
622,N12 Cen B,,12.79,
623,N3 Tel,,12.79,
624,N3 Tel B,,12.79,
625,N2 Crv,,12.8,
626,N17 Dra,,12.8,"CNS91 ""SB"" refuted in Tok92"
627,N7 Cnc,,12.81,eclipsing binary primary in Del99a
628,N7 Cnc B,,12.81,eclipsing binary secondary in Del99a
629,N7 Cnc C,,12.81,
630,N15 Oph,,12.82,
631,N2 Pic,,12.83,
632,N3 Sgr,,12.87,
633,N23 UMa,,12.88,"possible third component in CNS69; SB? in CNS91; CNS91 ""SB?"" not confirmed/refuted but SB? in Duq"
634,N23 UMa B,,12.88,"SB? in CNS91; CNS91 ""VAR"" refuted in Duq91"
635,N24 UMa,,12.89,
636,N3 Men,,12.9,
637,N18 Vir,,12.9,
638,N4 Sco,,12.9,
639,N4 Sco B,,12.9,
640,N14 Cas,,12.92,
641,N5 Aur,,12.92,
642,N20 Her,,12.92,
643,N6 Aur,Capella,12.94,
644,N6 Aur B,,12.94,
645,N6 Aur C,,12.94,
646,N6 Aur D,,12.94,
647,N16 Oph,,12.95,
648,N14 Boo,Wolf 497,12.97," CNS69 companion not in CNS91: ""optical"""
649,N18 Dra,,12.99,
650,N18 Dra B,,12.99,from HIP; imaged companion in HIP
651,N19 Dra,,12.99,
652,N4 Sgr,,12.99,
653,N2 CrA,,12.99,
654,N15 Ori,Wolf 1449,13.01,
655,N5 Car,,13.08,
656,N4 Dor,,13.08,
657,N3 Scl,,13.1,
658,N6 Lyn,,13.1,
659,N9 Aql,,13.12,
660,N15 Boo,,13.12,large HIP parallax and error; corrupted by HIP 6
661,N7 CVn,,13.16,
662,N25 UMa,,13.18,
663,N3 Crt,,13.19,
664,N3 Crt B,,13.19,
665,N4 Hor,,13.19,"eclipsing SB in YPC; B optical in CNS; CNS69 companion not in CNS91: ""optical"""
666,N5 Sgr,,13.2,
667,N4 Scl,,13.21,
668,N2 UMi,,13.22,
669,N15 Cas,Ross 302,13.23,
670,N17 Cet,,13.26,SIMBAD name PLX 79 incorrect
671,N16 Ori,,13.27,SB2 in Mar87
672,N16 Ori B,,13.27,spectroscopic companion
673,N26 UMa,,13.3,
674,N22 Eri,,13.31,
675,N13 Peg,,13.32,
676,N7 Aur,,13.33,
677,N16 Aqr,,13.33,
678,N16 Aqr B,,13.33,
679,N5 Hor,,13.34,
680,N6 Lib,Ross 802,13.35,
681,N17 Aqr,,13.37,
682,N2 Gru,,13.38,
683,N20 Dra,,13.39,
684,N3 CrA,,13.39,
685,N3 CrA B,,13.39,
686,N5 Pav,,13.39,HIP number; no parallax
687,N5 Pav B,,13.39,
688,N11 Hya,,13.41,
689,N16 Boo,,13.41,
690,N3 Gru,,13.44,
691,N12 Leo,Ross 627,13.44,
692,N16 Cas,,13.44,
693,N19 Vir,Wolf 417,13.46,not combined with NS 1231+0848 because of mismatch
694,N17 Boo,,13.48,
695,N17 Boo B,,13.48,
696,N18 Boo,,13.48,
697,N18 Boo B,,13.48,
698,N10 Cam,,13.48,Parallax/PM updated since Hipparcos. CPM companion to G 192-012
699,N10 Cam B,,13.48,"CPM companion to G 192-011: 161"" away. Take plx from A comp."
700,N3 Mic,,13.49,
701,N7 Tau,,13.49,
702,N7 Cyg,,13.49,
703,N7 Cyg B,,13.49,
704,N27 UMa,Tet UMa,13.5,
705,N27 UMa B,,13.5,
706,N8 CVn,,13.52,
707,N8 CVn B,,13.52,
708,N3 PsA,,13.55,CNS91 companion refuted by HIP parallax
709,N9 And,,13.56,SB 197.9 days in YPC
710,N17 Oph,,13.57,
711,N21 Her,,13.57,
712,N12 Hya,,13.59,
713,N3 Vul,Wolf 1373,13.59,
714,N4 Gru,,13.6,
715,N4 Gru B,,13.6,
716,N13 Hya,,13.62,
717,N13 Cen,,13.62,
718,N13 Psc,,13.62,
719,N20 Vir,Wolf 414,13.64,not combined with NS 1228+0825 because of mismatch
720,N20 Vir B,,13.64,interferometric companion in Hen99
721,N5 Cap,,13.64,
722,N4 Tel,,13.67,
723,N4 Com,Ross 1020,13.68,
724,N6 Per,Ross 587,13.68,
725,N11 Cam,,13.68,
726,N5 Cep,,13.69,
727,N7 Ara,,13.69,
728,N10 Aql,Alshain,13.7,
729,N10 Aql B,,13.7,
730,N10 And,,13.72,
731,N14 Peg,,13.74,
732,N8 Tau,,13.74,
733,N1 Nor,,13.76,
734,N4 LMi,,13.77,
735,N28 UMa,,13.77,
736,N14 Psc,Wolf 1039,13.77,
737,N6 Vel,,13.79,
738,N2 Lac,,13.79,
739,N7 Lib,,13.8,
740,N15 Psc,,13.81,SB? in CNS91;
741,N6 Cep,Errai,13.81,
742,N9 Tau,,13.81,
743,N14 Hya,,13.85,
744,N8 Cyg,Wolf 1108,13.87,
745,N11 Aql,,13.89,SB2 in Tok92
746,N11 Aql B,,13.89,spectroscopic companion
747,N19 Boo,,13.89,
748,N3 Del,,13.91,
749,N18 Aqr,Wolf 906,13.92,
750,N13 Leo,,13.93,
751,N21 Vir,,13.95,
752,N4 Crt,,13.96,
753,N7 Cep,,13.97,
754,N5 Tel,,13.97,HIP 98691 optical; FIX DEC TO BE -50 03 09
755,N6 For,,13.97,
756,N23 Eri,,13.98,
757,N29 UMa,,13.99,
758,N30 UMa,,14,
759,N19 Aqr,,14.01,
760,N6 Ari,,14.01,
761,N22 Vir,,14.02,"CNS91 ""VAR"" not confirmed/refuted"
762,N22 Vir B,,14.02,
763,N24 Eri,,14.05,
764,N5 LMi,,14.05,
765,N5 LMi B,,14.05,
766,N5 Sco,,14.05,
767,N10 Tau,,14.06,
768,N8 Cnc,,14.06,
769,N31 UMa,,14.07,
770,N5 Scl,,14.07,"CNS91 ""SB"" not confirmed/refuted"
771,N20 Aqr,,14.08,
772,N20 Aqr B,,14.08,
773,N20 Aqr C,,14.08,
774,N12 Cam,,14.08,also LHS 201
775,N21 Dra,,14.09,
776,N21 Dra B,,14.09,
777,N21 Dra C,,14.1,
778,N12 Aql,,14.09,
779,N22 Her,Ross 863,14.1,
780,N3 UMi,,14.1,
781,N7 Lyr,,14.14,
782,N6 Sco,,14.15,SB in Del99b; New RECONS parallax (weighted mean for system)
783,N6 Sco B,,14.15,New RECONS parallax (weighted mean for system)
784,N6 Sco C,,14.15,spectroscopic companion
785,N6 Mon,,14.17,
786,N6 Mon B,,14.17,
787,N14 Leo,Ross 93,14.17,
788,N23 Vir,,14.17,
789,N7 For,Fornacis,14.2,
790,N7 For B,,14.2,
791,N8 Aur,,14.2,
792,N6 Sgr,,14.21,SB 46.82 days; BY Dra variable primary
793,N6 Sgr B,,14.21,BY Dra variable secondary; spectroscopic companion
794,N24 Vir,,14.22,
795,N8 Ser,Ross 513,14.22,
796,N8 Ser B,,14.22,
797,N18 Cet,LP 709-43,14.25,
798,N8 For,,14.25,
799,N8 For B,,14.25,
800,N19 Cet,,14.27,
801,N20 Cet,,14.27,
802,N4 Tuc,,14.27,
803,N4 Tuc B,TYC 9124-888-1,14.27,P assumed third component of NS 2238-6522; assumed true companion; mismatched parallax has
804,N11 Tau,Wolf 227,14.29,
805,N5 Crt,,14.29,
806,N32 UMa,,14.3,
807,N12 Tau,,14.31,these two stars are close together in the sky but are not in the same system
808,N25 Vir,Ross 1047,14.31,
809,N7 Mon,,14.32,
810,N5 Com,,14.32,
811,N20 Boo,Ross 130,14.33,
812,N8 Cep,,14.33,
813,N1 CrB,,14.34,
814,N1 CrB B,,14.34,
815,N2 Nor,,14.35,
816,N15 Hya,,14.37,"CNS91 ""SB?"" not confirmed/refuted"
817,N18 Oph,Rasalhague,14.37,"SB in CNS91; additional astrometric companion?; CNS91 ""SB"" not confirmed/refuted"
818,N7 Sco,,14.37,
819,N23 Her,,14.38,
820,N21 Cet,,14.41,
821,N21 Cet B,,14.41,
822,N11 And,,14.41,
823,N11 And B,,14.41,
824,N6 Pav,,14.43,
825,N9 Aur,Ross 987,14.45,
826,N22 Dra,,14.45,eclipsing binary primary
827,N22 Dra B,,14.45,eclipsing binary secondary
828,N22 Dra C,,14.45,
829,N7 Per,Wolf 1323,14.48,
830,N21 Boo,,14.48,
831,N26 Vir,,14.49,
832,N8 Lib,,14.49,
833,N19 Oph,Ross 136,14.51,
834,N6 Sex,,14.53,
835,N13 Tau,Wolf 1278,14.55,
836,N8 Sco,,14.55,CNS79 companion not confirmed/refuted via 2 DSS
837,N8 Sco B,,14.55,from HIP
838,N5 CMi,,14.56,
839,N6 Com,,14.56,
840,N24 Her,,14.56,
841,N22 Boo,Asellus Primus,14.57,C in CNS69 not in CNS91; additional components; CNS69 component C not in CNS91; not confirmed/re
842,N22 Boo B,,14.57,
843,N4 Vul,Wolf 1346,14.58,"CNS91 ""VAR"" not confirmed/refuted"
844,N21 Aqr,,14.58,
845,N21 Aqr B,,14.58,
846,N7 Lep,,14.58,
847,N3 Lup,,14.58,
848,N14 Tau,,14.59,
849,N14 Tau B,,14.59,
850,N7 Ari,,14.6,
851,N7 Gem,Wolf 1421,14.6,SB2 in Mar87
852,N7 Gem B,,14.6,spectroscopic companion
853,N2 CMa,,14.62,
854,N15 Peg,,14.62,
855,N4 Ind,,14.62,
856,N3 Ant,,14.62,
857,N3 Ant B,,14.62,from HIP; imaged companion in HIP
858,N33 UMa,Talitha,14.63,CNS91 mentions similar motion to NS 0900+4146
859,N33 UMa B,,14.63,
860,N33 UMa C,,14.63,
861,N33 UMa D,,14.63,
862,N23 Dra,,14.64,
863,N23 Dra B,,14.64,
864,N34 UMa,,14.64,
865,N6 Cap,,14.64,
866,N7 Cap,,14.66,
867,N8 Mon,Ross 417,14.66,
868,N25 Eri,,14.68,
869,N8 Gem,,14.68,BY Dra variable primary
870,N8 Gem B,,14.68,BY Dra variable secondary; spectroscopic companion
871,N8 Gem C,,14.68,
872,N3 Nor,,14.69,
873,N25 Her,,14.73,
874,N5 Ind,,14.73,
875,N6 Pup,,14.75,
876,N6 Pup B,,14.75,
877,N13 Cam,Ross 370,14.76,
878,N13 Cam B,,14.76,
879,N3 Crv,Alchiba,14.77,
880,N9 Ser,,14.77,"SB in CNS91; CNS91 ""SB"" refuted in Duq91"
881,N9 Ser B,,14.77,
882,N6 CMi,Ross 880,14.78,
883,N12 And,,14.8,
884,N12 And B,,14.8,
885,N22 Aqr,,14.8,
886,N27 Vir,Wolf 433,14.81,
887,N9 Lib,,14.84,
888,N16 Peg,,14.86,
889,N16 Hya,,14.87,
890,N1 Col,,14.87,
891,N35 UMa,,14.88,
892,N6 Hor,,14.88,
893,N9 Sco,,14.9,
894,N9 Cyg,Ross 188,14.9,
895,N5 Gru,,14.92,
896,N1 Equ,,14.93,
897,N5 Dor,,14.94,
898,N20 Oph,,14.94,
899,N22 Cet,,14.95,
900,N9 Gem,,14.95,
901,N3 Phe,,14.95,CNS79 companion not in CNS91
902,N9 Cep,Alderamin,14.96,
903,N6 LMi,,14.96,
904,N13 And,Ross 5,14.97,"CNS91 ""VAR"" refuted in Mar89"
905,N24 Dra,,14.97,
906,N17 Peg,Wolf 1014,14.98,
907,N6 Dor,,14.99,
908,N8 Lyr,,15.02,
909,N8 Lyr B,,15.02,
910,N10 Cyg,,15.03,
911,N10 Cyg B,,15.03,
912,N14 Cen,,15.04,
913,N17 Cas,Wolf 54,15.04,
914,N8 Lep,,15.04,
915,N4 Phe,,15.06,
916,N9 CVn,,15.07,
917,N6 Ind,,15.07,
918,N8 Per,,15.08,imaged companion in HIP
919,N8 Per B,,15.08,from HIP
920,N26 Her,,15.11,
921,N26 Eri,,15.11,
922,N25 Dra,,15.11,SB 52.11 days
923,N25 Dra B,,15.11,
924,N7 Pup,,15.12,
925,N7 Pup B,,15.12,from HIP
926,N8 Pup,,15.13,
927,N16 Psc,,15.15,
928,N16 Psc B,,15.15,
929,N23 Cet,,15.17,
930,N23 Cet B,,15.17,
931,N13 Aql,,15.17,"SB? in CNS91; CNS91 ""SB?"" not confirmed/refuted but SB? in Duq"
932,N10 Aur,,15.19,
933,N36 UMa,,15.2,
934,N9 Pup,,15.2,
935,N9 Pup B,,15.2,
936,N10 Cep,Ross 226,15.22,
937,N4 Lup,,15.23,
938,N4 Lup B,,15.23,
939,N14 Cam,,15.24,
940,N15 Cen,,15.25,
941,N8 Ara,,15.26,
942,N10 Gem,Castor,15.27,
943,N10 Gem B,Castor B,15.27,
944,N10 Gem C,,15.27,
945,N10 Gem D,,15.27,
946,N10 Gem E,Castor C,15.27,eclipsing binary primary
947,N10 Gem F,,15.27,eclipsing binary secondary
948,N11 Cep,,15.27,
949,N37 UMa,,15.3,
950,N37 UMa B,,15.3,
951,N27 Her,Ross 160,15.31,
952,N17 Psc,,15.31,
953,N14 Aql,,15.33,SB in CNS91; SB and astrometric perturbation in CNS69; confirmed
954,N14 Aql B,,15.33,astrometric companion in YPC; imaged companion in HIP
955,N3 Tri,,15.34,
956,N11 Aur,,15.34,astrometric perturbation in Beh76
957,N11 Aur B,,15.34,interferometric companion in Hen99
958,N28 Her,,15.34,
959,N7 Sgr,,15.34,
960,N7 Sgr B,,15.34,
961,N24 Cet,,15.35,
962,N24 Cet B,,15.35,
963,N9 Per,,15.36,
964,N27 Eri,Ross 584,15.36,""" """"close binary"""" in YPC"""
965,N27 Eri B,,15.36,imaged companion in YPC
966,N38 UMa,,15.36,
967,N9 Lyr,,15.36,
968,N9 Lyr B,,15.36,
969,N8 Sgr,,15.37,
970,N15 Leo,,15.39,
971,N15 Leo B,,15.39,
972,N18 Peg,,15.4,
973,N18 Psc,Wolf 1516,15.41,
974,N4 PsA,,15.42,
975,N23 Boo,,15.43,SB? in CNS91;
976,N9 Cnc,,15.45,"CNS91 ""SB?"" not confirmed/refuted"
977,N9 Cnc B,,15.45,
978,N9 Cnc C,,15.45,
979,N16 Cen,,15.46,
980,N25 Cet,,15.46,
981,N3 Hyi,,15.48,
982,N4 Mic,,15.5,
983,N6 Tel,,15.5,
984,N6 Tel B,,15.5,
985,N10 Lyr,,15.51,
986,N9 Mon,Ross 54,15.53,
987,N18 Cas,,15.55,
988,N29 Her,,15.55,"SB? in CNS91; CNS91 ""SB?"" is likely the AB orbit"
989,N29 Her B,,15.55,
990,N10 Pup,,15.57,
991,N10 Pup B,,15.57,from HIP; imaged companion in HIP
992,N6 Scl,,15.57,
993,N10 Ser,,15.58,
994,N10 Lib,,15.59,
995,N28 Eri,,15.59,
996,N28 Eri B,,15.59,SB in CNS91
997,N28 Eri C,,15.59,
998,N17 Ori,,15.6,
999,N17 Cen,,15.61,
1000,N26 Cet,,15.63,
1001,N6 Gru,,15.63,
1002,N5 PsA,,15.63,
1003,N24 Boo,,15.64,
1004,N24 Boo B,,15.64,
1005,N19 Psc,,15.65,
1006,N26 Dra,,15.65,
1007,N39 UMa,,15.67,
1008,N16 Leo,Wolf 398,15.67,
1009,N8 Cap,,15.68,"CNS91 ""SB?"" not confirmed/refuted"
1010,N5 Vul,Wolf 867,15.7,
1011,N7 Sex,,15.71,
1012,N27 Dra,Ross 434,15.72,astrometric companion? in CNS69
1013,N20 Psc,,15.72,
1014,N11 Lib,,15.73,
1015,N17 Hya,,15.75,
1016,N17 Hya B,,15.75,
1017,N18 Ori,,15.77,
1018,N15 Aql,,15.77,
1019,N7 Com,,15.82,
1020,N18 Cen,,15.83,
1021,N14 And,,15.85,
1022,N30 Her,,15.86,
1023,N5 Tuc,,15.87,
1024,N5 Tuc B,,15.87,from HIP
1025,N7 Vel,,15.87,
1026,N15 Tau,,15.87,
1027,N31 Her,,15.87,
1028,N12 Cep,,15.87,
1029,N13 Cep,Wolf 1084,15.87,
1030,N3 Oct,,15.87,
1031,N4 Ant,,15.88,
1032,N28 Vir,,15.9,
1033,N16 Tau,,15.91,component B probably not real; CNS91 component B not real
1034,N5 Phe,,15.92,
1035,N5 Phe B,,15.92,
1036,N10 CVn,,15.92,
1037,N21 Psc,,15.92,
1038,N21 Psc B,,15.92,
1039,N8 Ari,,15.93,
1040,N2 Aps,,15.93,
1041,N7 CMi,,15.95,
1042,N11 CVn,Ross 1026,15.95,
1043,N32 Her,Ross 640,15.95,
1044,N3 Lac,,15.95,
1045,N11 Cyg,,15.95,
1046,N11 Cyg B,,17.29,B has old trig pallarax different to A component (but error for B component = 5%). Use primary's plx for now.
1047,N9 Ara,,15.97,
1048,N9 Ara B,,15.97,
1049,N8 Sex,,15.99,
1050,N6 Tuc,,15.99,
1051,N9 Cap,Ross 751,16,YPC companions refuted via 2 DSS epochs
1052,N9 Cap B,,16,
1053,N10 Cnc,,16,
1054,N10 Cnc B,,16,from HIP
1055,N17 Tau,,16.03,Simbad says double.
1056,N29 Eri,Ross 578,16.03,
1057,N7 Tuc,,16.03,
1058,N27 Cet,,16.05,
1059,N15 Cam,,16.06,
1060,N25 Boo,,16.08,SB2 in Del99b
1061,N25 Boo B,,16.08,spectroscopic companion
1062,N19 Peg,Wolf 1225,16.08,
1063,N19 Peg B,,16.08,from HIP
1064,N19 Cas,,16.1,
1065,N19 Cas B,,16.1,
1066,N7 Ind,,16.12,
1067,N7 Ind B,,16.12,
1068,N17 Leo,,16.12,
1069,N8 Ind,,16.13,
1070,N8 Ind B,,16.13,from HIP; imaged companion in HIP
1071,N12 CVn,Ross 1008,16.13,
1072,N26 Boo,,16.16,
1073,N26 Boo B,,16.16,
1074,N2 Mus,,16.16,
1075,N23 Aqr,,16.16,
1076,N2 Equ,,16.17,
1077,N18 Hya,,16.18,HIP number; no parallax
1078,N18 Hya B,,16.18,
1079,N6 Car,,16.19,
1080,N6 Car B,,16.19,
1081,N6 Car C,,16.19,SIMBAD CD-59 1774C misleading
1082,N29 Vir,,16.19,
1083,N29 Vir B,,16.19,
1084,N7 Lyn,,16.2,
1085,N8 Com,,16.2,
1086,N8 Com B,,16.2,
1087,N18 Leo,Ross 903,16.2,
1088,N7 Car,,16.21,"CNS91 ""SB?"" not confirmed/refuted"
1089,N40 UMa,,16.22,
1090,N40 UMa B,,16.22,
1091,N30 Eri,,16.22,
1092,N8 Lyn,,16.23,SB 7980.7 days in YPC; additional components in; CNS91 mentions similar motion to NS 0859+4802 bu
1093,N8 Lyn B,,16.23,
1094,N41 UMa,Ross 107,16.23,
1095,N19 Hya,,16.27,
1096,N20 Peg,,16.27,
1097,N20 Peg B,,16.27,
1098,N31 Eri,,16.27,
1099,N3 Pic,,16.28,
1100,N6 Crt,,16.29,
1101,N6 Crt B,,16.29,"SB in CNS91; CNS91 ""SB"" not confirmed/refuted"
1102,N6 Crt C,,16.29,
1103,N2 CrB,,16.29,
1104,N20 Hya,,16.3,
1105,N19 Ori,Wachmann's Flare Star,16.31,
1106,N22 Psc,,16.31,
1107,N5 Ant,,16.31,
1108,N5 Ant B,,16.31,from HIP; imaged companion in HIP
1109,N27 Boo,Ross 992,16.31,
1110,N24 Aqr,Wolf 920,16.33,
1111,N42 UMa,,16.34,
1112,N6 Ant,,16.35,
1113,N6 Ant B,,16.35,from HIP
1114,N14 Cep,,16.35,
1115,N21 Peg,Ross 265,16.36,
1116,N2 Ret,,16.37,
1117,N19 Cen,,16.37,
1118,N19 Cen B,,16.37,from HIP
1119,N12 Lib,,16.38,CNS69 companion not in CNS91; refuted in YPC
1120,N11 Pup,,16.39,
1121,N11 Pup B,,16.39,
1122,N15 And,,16.39,
1123,N23 Psc,Wolf 1530,16.39,
1124,N20 Cen,,16.39,
1125,N21 Cen,,16.4,B in CNS69 not in CNS91; additional components; CNS69 companion not in CNS91
1126,N2 Sct,Ross 720,16.4,
1127,N28 Dra,,16.4,SB 5.98 days in YPC; BY Dra variable primary; SB2 in CNS69
1128,N28 Dra B,,16.4,BY Dra variable secondary; spectroscopic companion
1129,N12 Cyg,,16.4,"CNS91 ""SB"" not confirmed/refuted"
1130,N1 Cir,,16.41,
1131,N1 Cir B,,16.41,
1132,N30 Vir,Wolf 485,16.42,
1133,N30 Vir B,Ross 476,16.42,
1134,N33 Her,,16.42,
1135,N24 Psc,,16.44,
1136,N21 Hya,,16.45,
1137,N6 Phe,,16.46,
1138,N10 Cap,,16.46,
1139,N16 Cam,,16.47,
1140,N19 Leo,Ross 83,16.47,
1141,N20 Ori,,16.49,
1142,N20 Ori B,,16.49,
1143,N12 Aur,,16.5,
1144,N7 Scl,,16.5,
1145,N43 UMa,Ross 110,16.5,
1146,N43 UMa B,,16.5,
1147,N7 Hor,,16.53,
1148,N7 Hor B,,16.53,from HIP; imaged companion in HIP
1149,N4 Del,,16.53,SB2 in Duq87
1150,N4 Del B,,16.53,Record added from MOD1A.000620.update
1151,N4 Del C,,16.53,spectroscopic companion
1152,N17 Cam,,16.54,
1153,N28 Cet,,16.56,PM from Tycho-2
1154,N25 Psc,,16.57,
1155,N25 Psc B,,16.57,
1156,N44 UMa,,16.57,
1157,N28 Boo,,16.57,
1158,N29 Boo,,16.58,SB 9.91 days in YPC; SB orbit in YPC; CNS69 astrometric companion not
1159,N29 Boo B,,16.58,
1160,N32 Eri,,16.58,
1161,N31 Vir,Wolf 457,16.58,
1162,N7 Pav,,16.58,
1163,N20 Cas,Ross 249,16.6,
1164,N29 Dra,Ross 689,16.61,
1165,N21 Oph,,16.64,
1166,N12 Pup,,16.65,
1167,N12 Pup B,,16.65,
1168,N12 Pup C,,16.65,
1169,N22 Oph,,16.67,
1170,N13 Aur,,16.67,
1171,N9 Lyn,,16.68,
1172,N21 Cas,Caph,16.68,SB? in CNS91
1173,N8 Pav,,16.68,
1174,N29 Cet,,16.69,
1175,N29 Cet B,,16.69,
1176,N3 CMa,,16.69,
1177,N16 And,,16.72,
1178,N30 Boo,,16.72,
1179,N18 Tau,,16.73,
1180,N23 Oph,,16.75,
1181,N8 Car,,16.76,
1182,N25 Aqr,,16.76,
1183,N25 Aqr B,,16.76,
1184,N15 Cep,,16.78,
1185,N22 Hya,,16.79,
1186,N22 Hya B,,16.79,from HIP
1187,N22 Cas,,16.81,
1188,N23 Cas,,16.84,
1189,N10 Per,Wolf 1325,16.85,
1190,N7 Phe,,16.85,
1191,N19 Tau,,16.85,
1192,N19 Tau B,,16.85,
1193,N11 Gem,,16.86,
1194,N10 Sco,Ross 854,16.86,
1195,N23 Hya,Ross 439,16.86,
1196,N23 Hya B,,16.86,
1197,N10 Lyn,,16.89,
1198,N24 Cas,,16.9,
1199,N13 Lib,,16.91,
1200,N30 Cet,,16.92,
1201,N22 Cen,,16.92,
1202,N24 Oph,,16.92,
1203,N11 Cnc,Ross 622,16.95,
1204,N26 Aqr,,16.96,SB1 in Tok92
1205,N26 Aqr B,,16.96,spectroscopic companion
1206,N17 And,,16.97,
1207,N20 Tau,,16.98,
1208,N3 CrB,,16.98,
1209,N24 Hya,,16.98,
1210,N25 Oph,,16.98,
1211,N25 Oph B,,16.98,
1212,N23 Cen,,16.99,
1213,N34 Her,,17,
1214,N21 Ori,,17.01,
1215,N13 Cyg,,17.01,
1216,N18 Cam,,17.03,
1217,N35 Her,,17.06,
1218,N4 Oct,,17.06,
1219,N30 Dra,,17.09,
1220,N12 Cnc,,17.09,
1221,N12 Cnc B,,17.09,
1222,N8 Scl,,17.11,
1223,N21 Tau,,17.12,
1224,N25 Hya,,17.12,
1225,N25 Hya B,,17.12,
1226,N11 Sco,,17.15,
1227,N11 Lyr,,17.15,
1228,N4 CrA,,17.16,
1229,N31 Cet,Ross 555,17.17,
1230,N9 Com,,17.17,
1231,N26 Hya,,17.18,
1232,N12 Lyr,,17.18,
1233,N13 Pup,,17.18,
1234,N36 Her,,17.18,
1235,N24 Cen,,17.19,
1236,N8 Hor,,17.22,
1237,N4 CMa,,17.23,
1238,N11 Lyn,,17.24,
1239,N16 Aql,,17.25,
1240,N18 And,Wolf 12,17.26,
1241,N2 Vol,,17.28,
1242,N26 Psc,Wolf 1051,17.28,
1243,N9 Sgr,,17.28,
1244,N12 Gem,,17.28,
1245,N31 Boo,,17.29,
1246,N33 Eri,,17.3,
1247,N33 Eri B,,17.3,
1248,N13 Lyr,,17.3,
1249,N11 Ser,,17.3,
1250,N11 Ser B,,17.3,
1251,N37 Her,,17.31,
1252,N20 Leo,,17.33,
1253,N17 Aql,,17.33,
1254,N34 Eri,,17.35,
1255,N13 CVn,,17.35,
1256,N9 For,,17.36,
1257,N9 For B,,17.36,
1258,N10 Sgr,,17.37,
1259,N32 Cet,,17.38,
1260,N22 Ori,,17.39,
1261,N14 Lib,2MASS J15101685-0241078,17.39,I
1262,N26 Oph,,17.39,
1263,N26 Oph B,,17.39,
1264,N31 Dra,,17.4,SB 491.9 days in YPC; SB2 in McC83
1265,N31 Dra B,,17.4,also in HIP; spectroscopic companion
1266,N12 Sco,,17.42,
1267,N27 Aqr,Ross 279,17.42,CNS69 companion not in CNS91; not confirmed/refu
1268,N14 Cyg,Wolf 926,17.45,
1269,N13 Gem,,17.46,
1270,N4 CrB,,17.46,
1271,N10 Mon,Ross 415,17.48,
1272,N21 Leo,,17.48,
1273,N35 Eri,,17.49,
1274,N35 Eri B,,17.49,
1275,N12 Ser,,17.49,SB 138.6 days in YPC; additional components
1276,N12 Ser B,,17.49,
1277,N32 Boo,,17.51,
1278,N45 UMa,,17.51,
1279,N45 UMa B,,17.51,
1280,N5 Lup,,17.51,
1281,N19 And,,17.51,
1282,N11 Mon,,17.52,
1283,N11 Mon B,,17.52,
1284,N27 Oph,,17.54,
1285,N14 CVn,Ross 1007,17.54,
1286,N14 Lyr,,17.54,
1287,N14 Gem,Alzirr,17.55,
1288,N32 Dra,,17.55,
1289,N22 Tau,Ross 588,17.56,
1290,N27 Hya,,17.56,
1291,N33 Dra,Ross 1051,17.56,
1292,N8 Tuc,,17.57,
1293,N27 Psc,,17.57,
1294,N22 Leo,,17.58,
1295,N32 Vir,,17.58,
1296,N22 Peg,,17.58,not in HIP even though brighter than B
1297,N22 Peg B,,17.58,
1298,N7 Crt,,17.58,
1299,N28 Hya,,17.58,
1300,N28 Aqr,,17.58,
1301,N28 Aqr B,,17.58,
1302,N23 Ori,Wolf 1450,17.61,
1303,N38 Her,,17.61,
1304,N38 Her B,,17.61,
1305,N38 Her C,,17.61,
1306,N4 Hyi,,17.62,
1307,N33 Vir,Wolf 427,17.63,
1308,N9 Hor,,17.64,
1309,N3 Sge,,17.65,
1310,N23 Tau,,17.66,SB in CNS91; BY Dra variable primary; SB1 in Gri85
1311,N23 Tau B,,17.66,
1312,N23 Tau C,,17.66,BY Dra variable secondary; spectroscopic companion
1313,N33 Boo,,17.67,
1314,N13 Cnc,,17.68,
1315,N13 Cnc B,,17.68,
1316,N23 Leo,,17.69,
1317,N23 Leo B,,17.69,
1318,N19 Cam,,17.7,
1319,N9 Pav,,17.72,
1320,N28 Psc,,17.73,
1321,N4 Tri,Ross 19,17.73,
1322,N24 Leo,Zosma,17.73,
1323,N2 Col,,17.74,
1324,N39 Her,,17.75,
1325,N25 Leo,,17.75,
1326,N25 Leo B,,17.75,
1327,N28 Oph,Ross 529,17.75,
1328,N10 Pav,,17.76,"CNS91 ""SB"" not confirmed/refuted"
1329,N29 Hya,,17.77,
1330,N46 UMa,,17.79,
1331,N30 Hya,,17.8,
1332,N30 Hya B,,17.8,
1333,N11 Cap,Ross 769,17.81,
1334,N24 Tau,,17.83,
1335,N5 CrB,,17.83,
1336,N5 CrB B,,17.83,
1337,N4 Lac,,17.83,Probably > 25pc (YPC has large error): Gatewood = 94pc; Palomar = 150pc.
1338,N8 Crt,,17.85,
1339,N47 UMa,,17.86,
1340,N20 Cam,,17.87,SB 60.0 days in YPC
1341,N20 Cam B,,17.87,
1342,N40 Her,,17.89,
1343,N34 Boo,,17.9,"CNS69 ""SB"" not in CNS91; refuted in Duq91"
1344,N10 Com,Diadem,17.92,
1345,N10 Com B,,17.92,assume SB in CNS91 is visual component
1346,N29 Aqr,Wolf 896,17.92,
1347,N36 Eri,,17.92,
1348,N34 Vir,,17.92,B in CNS69 not in CNS91; additional components; CNS69 companion not in CNS91; refuted via 2 DSS
1349,N7 Tel,,17.93,
1350,N5 CrA,,17.93,
1351,N5 CrA B,,17.93,
1352,N3 Col,,17.93,
1353,N26 Leo,Wolf 369,17.95,
1354,N11 Per,Ross 29,17.95,
1355,N11 Per B,,17.95,
1356,N34 Dra,Ross 690,17.95,
1357,N35 Boo,,17.95,
1358,N6 Vul,,17.95,
1359,N25 Cen,,17.97,
1360,N12 Mon,Ross 416,17.99,
1361,N1 Cae,,17.99,
1362,N2 Cae,,17.99,
1363,N18 Aql,,18,
1364,N14 Pup,,18,
1365,N14 Pup B,,18,
1366,N15 Gem,,18.01,
1367,N12 Cap,,18.01,
1368,N16 Gem,Wasat,18.02,
1369,N16 Gem B,,18.02,
1370,N16 Gem C,,18.02,
1371,N9 Scl,,18.02,
1372,N26 Cen,,18.03,
1373,N26 Cen B,,18.03,
1374,N33 Cet,,18.04,
1375,N41 Her,,18.04,
1376,N29 Oph,,18.05,
1377,N21 Cam,,18.05,
1378,N7 LMi,,18.06,
1379,N8 Phe,,18.09,
1380,N4 Col,,18.09,D optical in CNS91
1381,N4 Col B,,18.09,
1382,N4 Col C,,18.09,
1383,N14 Cnc,,18.1,
1384,N30 Oph,,18.1,
1385,N24 Ori,,18.11,
1386,N35 Vir,,18.11,
1387,N10 For,,18.12,Used Makarov (2008) plx
1388,N10 For B,,18.12,Used Makarov (2008) plx
1389,N42 Her,,18.14,
1390,N17 Gem,,18.14,SB? in CNS91;
1391,N17 Gem B,,18.14,
1392,N17 Gem C,,18.14,
1393,N31 Oph,,18.15,
1394,N32 Oph,,18.17,
1395,N10 Scl,,18.21,
1396,N4 Men,,18.21,
1397,N22 Cam,,18.21,HIP 17750 optical;
1398,N22 Cam B,,18.21,
1399,N22 Cam C,,18.21,
1400,N15 Pup,,18.21,
1401,N27 Leo,,18.21,
1402,N4 Crv,,18.22,
1403,N3 Ret,,18.23,
1404,N9 Ari,Sharatan,18.23,SB 107 days in YPC
1405,N9 Ari B,,18.23,
1406,N25 Cas,,18.23,HIP 10529 optical; modified HIP parallax on web
1407,N23 Peg,,18.25,
1408,N8 Vel,,18.26,
1409,N8 Vel B,,18.26,
1410,N10 Ari,,18.28,
1411,N13 Mon,,18.28,
1412,N8 CMi,,18.28,
1413,N8 CMi B,,18.28,
1414,N48 UMa,,18.28,
1415,N9 Vel,,18.29,
1416,N9 Vel B,,18.29,from HIP; imaged companion in HIP
1417,N43 Her,,18.29,
1418,N16 Pup,,18.31,
1419,N31 Hya,,18.33,
1420,N16 Cep,,18.34,
1421,N16 Cep B,,18.34,
1422,N15 Cnc,Ross 620,18.34,
1423,N44 Her,,18.35,
1424,N11 For,,18.35,
1425,N24 Peg,,18.36,
1426,N3 Equ,,18.38,"SB 5.70 yrs in YPC; additional components in YP; CNS91 ""SB"" is the AB orbit"
1427,N3 Equ B,,18.38,
1428,N26 Cas,Wolf 33,18.4,
1429,N9 Car,,18.4,
1430,N35 Dra,,18.42,
1431,N35 Dra B,,18.42,
1432,N13 Sco,,18.43,
1433,N12 Per,,18.45,
1434,N14 Mon,,18.45,
1435,N28 Leo,,18.45,
1436,N23 Cam,,18.45,
1437,N9 Phe,,18.47,
1438,N36 Vir,,18.48,
1439,N3 Sct,Wolf 1466,18.48,
1440,N16 Cnc,,18.51,
1441,N17 Cnc,,18.52,
1442,N17 Cnc B,,18.52,
1443,N14 Sco,,18.52,
1444,N36 Dra,,18.53,
1445,N15 CVn,,18.53,
1446,N15 CVn B,,18.53,
1447,N11 Ari,,18.55,SB 1214 days in YPC; SB1 in Gri85
1448,N11 Ari B,,18.55,spectroscopic companion
1449,N15 Mon,,18.56,
1450,N11 Com,,18.56,
1451,N11 Com B,,18.56,
1452,N18 Gem,,18.56,
1453,N25 Peg,,18.56,
1454,N27 Cas,,18.56,
1455,N33 Oph,,18.57,
1456,N34 Cet,,18.59,
1457,N34 Cet B,,18.59,
1458,N32 Hya,,18.59,
1459,N32 Hya B,,18.59,
1460,N13 Ser,,18.59,
1461,N15 Cyg,,18.59,
1462,N15 Cyg B,,18.59,
1463,N33 Hya,,18.59,
1464,N33 Hya B,,18.59,
1465,N9 Crt,,18.6,
1466,N37 Dra,,18.62,
1467,N12 Lyn,,18.64,
1468,N12 Lyn B,,18.64,
1469,N6 CrB,,18.64,
1470,N6 CrB B,,18.64,
1471,N36 Boo,,18.64,
1472,N49 UMa,,18.66,
1473,N27 Cen,Menkent,18.67,
1474,N15 Sco,,18.68,
1475,N20 And,,18.69,
1476,N21 And,,18.69,
1477,N21 And B,,18.69,
1478,N19 Gem,,18.69,
1479,N37 Boo,,18.69,
1480,N38 Boo,Ross 1041,18.69,
1481,N45 Her,,18.69,
1482,N11 Scl,,18.69,
1483,N13 Cap,,18.72,SB 21.35 days in YPC; additional components in; SB1 in Bop70
1484,N13 Cap B,,18.72,
1485,N13 Cap C,,18.72,spectroscopic companion
1486,N13 Per,,18.73,
1487,N9 Ind,,18.74,
1488,N9 Ind B,,18.74,
1489,N6 PsA,,18.75,
1490,N37 Vir,Rijl al Awwa,18.75,SB 358 days in YPC
1491,N37 Vir B,,18.75,
1492,N30 Aqr,,18.76,
1493,N14 Ser,,18.77,
1494,N35 Cet,,18.8,
1495,N11 Pav,,18.86,""" possible component near A; Gl 818.1 """"B"""""""
1496,N11 Pav B,,18.86,
1497,N11 Pav C,,18.86,
1498,N15 Lib,,18.86,
1499,N8 Tel,,18.87,
1500,N36 Cet,,18.88,
1501,N34 Oph,,18.88,
1502,N37 Cet,,18.89,
1503,N16 Cyg,,18.89,
1504,N16 Cyg B,,18.89,
1505,N5 Lac,,18.89,
1506,N5 Lac B,,18.89,from HIP
1507,N14 Aur,,18.93,
1508,N22 And,,18.94,
1509,N15 Ser,,18.96,
1510,N16 Sco,,18.99,
1511,N16 Sco B,,18.99,
1512,N18 Cnc,,18.99,
1513,N11 Sgr,,19,"CNS91 ""VAR"" not confirmed/refuted"
1514,N11 Sgr B,,19,
1515,N14 Per,Ross 21,19.01,
1516,N25 Tau,Wolf 219,19.01,
1517,N38 Dra,,19.03,
1518,N38 Cet,,19.04,
1519,N38 Cet B,,19.04,
1520,N38 Cet C,,19.04,
1521,N35 Oph,Ross 644,19.04,
1522,N26 Peg,,19.05,
1523,N20 Gem,,19.06,
1524,N39 Dra,,19.07,
1525,N12 Sgr,,19.08,
1526,N16 Ser,,19.1,
1527,N46 Her,,19.1,
1528,N25 Ori,,19.12,
1529,N13 Lyn,,19.12,LHS79 companion not in CNS91
1530,N13 Lyn B,,19.12,
1531,N6 Lup,,19.12,
1532,N38 Vir,,19.12,"astrometric companion? in CNS91; LHS79 companion not confirmed/refuted; CNS69 ""VA"
1533,N14 Lyn,,19.14,
1534,N27 Peg,,19.17,
1535,N17 Pup,,19.19,
1536,N17 Pup B,,19.19,
1537,N13 Sgr,,19.19,
1538,N15 Per,,19.19,
1539,N28 Peg,,19.19,
1540,N1 Cha,,19.2,
1541,N37 Eri,,19.2,
1542,N16 CVn,,19.2,
1543,N16 CVn B,,19.2,
1544,N47 Her,,19.22,
1545,N47 Her B,,19.22,
1546,N21 Gem,,19.22,
1547,N26 Tau,,19.23,
1548,N29 Psc,,19.23,
1549,N9 Tuc,,19.24,
1550,N7 Vul,,19.25,
1551,N18 Pup,,19.26,SB 0.14 days in YPC
1552,N18 Pup B,,19.26,
1553,N39 Vir,Wolf 534,19.27,
1554,N7 CrB,Ross 806,19.27,
1555,N7 CrB B,,19.27,
1556,N23 And,,19.27,
1557,N4 Pic,,19.27,
1558,N28 Cen,,19.27,SB 9.94 days in YPC
1559,N28 Cen B,,19.27,
1560,N48 Her,Ross 812,19.28,
1561,N31 Aqr,,19.3,
1562,N24 And,,19.31,
1563,N10 Tuc,,19.31,
1564,N11 Tuc,,19.32,
1565,N26 Ori,,19.32,
1566,N26 Ori B,,19.32,
1567,N19 Cnc,,19.32,
1568,N19 Cnc B,,19.32,
1569,N50 UMa,,19.33,
1570,N19 Aql,Wolf 865,19.33,
1571,N7 Ant,,19.34,
1572,N7 Ant B,,19.34,CNS79 companion confirmed via 2 DSS epochs
1573,N38 Eri,,19.34,
1574,N17 Cyg,,19.39,
1575,N17 Cyg B,,19.39,
1576,N15 Aur,,19.39,
1577,N5 Col,,19.39,
1578,N22 Gem,,19.39,
1579,N16 Mon,,19.39,
1580,N16 Mon B,,19.39,from HIP
1581,N20 Aql,,19.4,
1582,N20 Aql B,,19.4,
1583,N14 Sgr,,19.4,FIX DEC TO BE -30 52 04
1584,N32 Aqr,,19.41,
1585,N6 Col,,19.41,
1586,N27 Tau,Ross 59,19.42,
1587,N36 Oph,,19.42,
1588,N39 Eri,,19.43,
1589,N33 Aqr,,19.44,
1590,N33 Aqr B,,19.44,
1591,N39 Cet,,19.45,
1592,N39 Cet B,,19.45,
1593,N7 PsA,,19.45,
1594,N2 Cha,,19.45,
1595,N28 Tau,,19.46,
1596,N29 Peg,,19.46,
1597,N37 Oph,,19.46,
1598,N23 Gem,Ross 878,19.47,
1599,N40 Cet,,19.49,
1600,N4 Sge,,19.5,
1601,N4 Sge B,Ross 734,19.5,
1602,N16 Lib,,19.53,
1603,N39 Boo,,19.53,
1604,N19 Pup,Ross 429,19.55,
1605,N17 Cep,,19.56,
1606,N17 Cep B,,19.56,
1607,N40 Boo,,19.57,
1608,N10 Ara,,19.57,
1609,N7 Dor,,19.57,
1610,N51 UMa,,19.58,SB 16.24 days in YPC
1611,N51 UMa B,,19.58,
1612,N40 Vir,,19.58,
1613,N4 UMi,,19.59,
1614,N29 Tau,,19.61,
1615,N40 Dra,Wolf 1409,19.61,
1616,N27 Ori,,19.63,
1617,N4 Pyx,,19.63,"CNS91 ""SB"" not confirmed/refuted"
1618,N4 Pyx B,,19.63,assume SB in CNS91 is visual component
1619,N5 Tri,Atria,19.65,SB 1.8 days in YPC; additional components in YP
1620,N5 Tri B,,19.65,
1621,N41 Vir,,19.66,
1622,N25 And,,19.67,
1623,N15 Lyn,,19.69,
1624,N34 Hya,,19.69,
1625,N52 UMa,,19.69,
1626,N17 Lib,,19.69,
1627,N38 Oph,,19.69,
1628,N38 Oph B,,19.69,from HIP; imaged companion in HIP
1629,N1 Cru,,19.69,"SB in CNS91; CNS91 ""SB"" not confirmed/refuted"
1630,N5 Hyi,,19.7,
1631,N41 Boo,,19.7,
1632,N41 Cet,,19.72,
1633,N30 Psc,,19.72,Sources/flux missing from orig NSTARS. Has 2 exoplanets.
1634,N28 Cas,,19.72,
1635,N53 UMa,,19.72,
1636,N42 Vir,,19.72,
1637,N18 Cyg,,19.72,HIP number; no parallax
1638,N7 Gru,,19.72,
1639,N35 Hya,,19.75,
1640,N35 Hya B,,19.75,
1641,N10 Hor,,19.76,
1642,N10 Hor B,,19.76,
1643,N18 Cep,,19.76,
1644,N34 Aqr,,19.77,
1645,N34 Aqr B,,19.77,
1646,N30 Tau,,19.77,
1647,N12 Ari,,19.79,
1648,N12 Ari B,,19.79,from HIP
1649,N12 Ari C,,19.79,
1650,N21 Aql,,19.8,
1651,N54 UMa,,19.81,SB 12.92 days in YPC; SB in YPC
1652,N54 UMa B,,19.81,spectroscopic companion
1653,N42 Boo,,19.81,
1654,N43 Vir,,19.82,
1655,N5 CMa,,19.83,
1656,N12 Pav,,19.86,
1657,N30 Peg,Wolf 953,19.87,
1658,N28 Ori,,19.88,
1659,N28 Ori B,,19.88,from HIP
1660,N22 Aql,,19.88,"HIP no parallax but investigations done since; CNS91 ""VAR"" refuted by Tok92"
1661,N22 Aql B,,19.88,
1662,N12 Scl,,19.88,
1663,N9 Tel,,19.89,
1664,N10 Car,,19.9,
1665,N10 Car B,,19.9,
1666,N36 Hya,,19.9,
1667,N10 Crt,,19.91,
1668,N11 Crt,,19.91,
1669,N11 Crt B,,19.91,
1670,N16 Lyn,,19.92,
1671,N26 And,,19.92,
1672,N16 Per,Ross 346,19.92,
1673,N23 Aql,,19.94,
1674,N19 Cep,,19.96,
1675,N10 Phe,,19.96,
1676,N49 Her,,19.96,
1677,N11 Car,,19.98,
1678,N9 Lep,,19.98,
1679,N9 Lep B,,19.98,
1680,N13 Ari,Ross 791,20,
1681,N5 Del,Ross 257,20.01,
1682,N41 Dra,,20.02,
1683,N31 Tau,Aldebaran,20.02,
1684,N31 Tau B,Aldebaran B,20.02,
1685,N29 Cen,,20.02,
1686,N43 Boo,,20.04,
1687,N17 CVn,Ross 991,20.04,
1688,N42 Dra,,20.06,
1689,N20 Cep,,20.06,
1690,N29 Ori,,20.07,
1691,N24 Cam,,20.08,
1692,N24 Cam B,,20.08,
1693,N8 Vul,,20.08,
1694,N10 Tel,,20.08,
1695,N31 Peg,,20.08,
1696,N17 Sco,,20.09,
1697,N40 Eri,,20.11,
1698,N40 Eri B,,20.11,from HIP
1699,N30 Cen,,20.12,
1700,N30 Cen B,,20.12,
1701,N2 Cru,,20.12,
1702,N14 Ari,Hamal,20.12,
1703,N3 Cae,,20.13,
1704,N3 Cae B,,20.13,
1705,N17 Ser,,20.13,
1706,N12 Crt,,20.15,Has CPM companion
1707,N12 Crt B,LP 793-34,20.15,Take plx from CPM companion
1708,N39 Oph,,20.15,
1709,N9 Vul,,20.16,"CNS91 ""VAR"" not confirmed/refuted but SB? in Duq"
1710,N32 Peg,,20.16,
1711,N32 Peg B,,20.16,
1712,N20 Cnc,,20.17,
1713,N20 Cnc B,,20.17,
1714,N37 Hya,,20.2,
1715,N13 Pav,,20.22,is YPC 5119.00 real?
1716,N18 Lib,,20.23,SB1 in Tok91
1717,N18 Lib B,,20.23,
1718,N18 Lib C,,20.23,spectroscopic companion
1719,N18 Lib D,,20.23,same as YPC 3488.11
1720,N19 Cyg,,20.23,
1721,N17 Lyn,,20.24,
1722,N17 Lyn B,,20.24,
1723,N29 Leo,Ross 84,20.24,
1724,N55 UMa,,20.24,
1725,N35 Aqr,,20.26,
1726,N24 Gem,,20.29,also in CNS69; CNS69 companions not in CNS91; refuted via 2 DSS
1727,N8 Dor,,20.3,
1728,N29 Cas,,20.32,
1729,N43 Dra,,20.33,
1730,N20 Cyg,,20.33,SB? in CNS91;
1731,N20 Cyg B,,20.33,
1732,N20 Cyg C,,20.33,
1733,N12 Tuc,,20.33,
1734,N3 Aps,,20.35,
1735,N36 Aqr,,20.35,
1736,N33 Peg,,20.35,
1737,N16 Aur,,20.37,
1738,N13 Tuc,,20.4,not combined with NS 0115-6849 because of mismatch
1739,N13 Tuc B,,20.4,
1740,N13 Tuc C,,20.4,not combined with NS 0115-6852 because of mismatch
1741,N13 Tuc D,,20.4,
1742,N24 Aql,,20.4,
1743,N32 Tau,,20.41,
1744,N41 Eri,,20.43,
1745,N44 Vir,,20.43,
1746,N21 Cnc,,20.44,
1747,N31 Cen,,20.45,
1748,N56 UMa,,20.45,
1749,N5 Pic,,20.45,
1750,N57 UMa,,20.46,
1751,N57 UMa B,,20.46,
1752,N38 Hya,Wolf 623,20.47,
1753,N40 Oph,,20.47,
1754,N14 Pav,,20.47,
1755,N14 Tuc,,20.48,
1756,N12 For,,20.49,
1757,N15 Ari,,20.49,
1758,N22 Cnc,,20.49,
1759,N30 Leo,,20.5,
1760,N17 Aur,,20.53,HIP number; no parallax
1761,N17 Aur B,,20.53,
1762,N42 Eri,,20.54,
1763,N18 Lyn,,20.54,
1764,N50 Her,,20.54,
1765,N5 Sge,Wolf 873,20.54,
1766,N5 Sge B,,20.54,
1767,N42 Cet,,20.55,SB 2.1 days in YPC
1768,N42 Cet B,,20.55,
1769,N42 Cet C,,20.55,
1770,N5 Mic,,20.55,
1771,N45 Vir,Wolf 1487,20.57,
1772,N43 Cet,,20.58,
1773,N15 Tuc,,20.58,
1774,N18 Aur,,20.58,
1775,N44 Boo,,20.58,
1776,N33 Tau,,20.62,
1777,N18 Ser,Ross 512,20.62,
1778,N21 Cyg,,20.62,
1779,N34 Tau,,20.66,
1780,N18 CVn,,20.66,
1781,N44 Dra,,20.67,
1782,N44 Dra B,,20.67,
1783,N10 Vul,,20.67,FIX DEC TO BE +29 23 03
1784,N58 UMa,,20.67,
1785,N35 Tau,,20.68,
1786,N22 Cyg,,20.7,CPM with HIP 97222
1787,N22 Cyg B,,20.7,
1788,N22 Cyg C,,20.7,CPM companion with 17 Cygni.
1789,N22 Cyg D,,20.7,
1790,N21 Cep,,20.7,
1791,N8 Gru,,20.7,
1792,N8 Gru B,,20.7,
1793,N45 Dra,,20.71,speckle companion? in YPC; SB2 in Sta86
1794,N45 Dra B,,20.71,spectroscopic companion
1795,N4 Equ,,20.71,
1796,N45 Boo,Ross 835,20.72,SIMBAD says it is binary (Hipparcos multiple flag = G)
1797,N31 Psc,,20.72,
1798,N31 Psc B,,20.72,
1799,N46 Vir,,20.72,
1800,N46 Vir B,,20.72,
1801,N41 Oph,,20.72,
1802,N27 And,,20.73,
1803,N16 Ari,Wolf 87,20.73,
1804,N13 For,,20.74,HIP says multiple
1805,N34 Peg,,20.75,
1806,N47 Vir,,20.76,
1807,N44 Cet,,20.76,
1808,N23 Cnc,Wolf 324,20.76,
1809,N9 Gru,,20.77,
1810,N32 Psc,,20.79,
1811,N19 CVn,,20.79,
1812,N6 Pic,,20.79,
1813,N17 Mon,,20.8,
1814,N17 Mon B,,20.8,
1815,N5 Crv,,20.8,
1816,N10 Ind,,20.81,
1817,N6 Crv,,20.82,
1818,N39 Hya,,20.82,
1819,N14 For,,20.83,
1820,N36 Tau,,20.83,
1821,N6 Del,,20.85,
1822,N6 Del B,,20.85,
1823,N15 Sgr,,20.86,
1824,N16 Sgr,,20.88,"CNS91 ""VAR"" not confirmed/refuted"
1825,N13 Crt,,20.89,
1826,N6 Sge,,20.91,SB 21.95 days in YPC; additional components in; SB in Alb33
1827,N6 Sge B,,20.91,spectroscopic companion
1828,N14 Cap,,20.91,
1829,N24 Cnc,,20.92,
1830,N35 Peg,,20.92,
1831,N46 Dra,,20.92,SB 3.07 days in YPC
1832,N46 Dra B,,20.92,
1833,N30 Cas,,20.95,
1834,N30 Cas B,,20.95,
1835,N25 Cnc,,20.96,
1836,N25 Cnc B,,20.96,
1837,N59 UMa,,20.96,
1838,N48 Vir,,20.97,
1839,N48 Vir B,,20.97,
1840,N25 Cam,,20.98,
1841,N28 And,,20.98,
1842,N12 Car,,20.99,
1843,N31 Cas,,20.99,
1844,N46 Boo,,21,
1845,N25 Gem,Ross 60,21.01,
1846,N11 Ind,,21.02,
1847,N37 Aqr,,21.02,
1848,N26 Cam,,21.03,
1849,N33 Psc,,21.03,
1850,N15 Cap,,21.03,
1851,N37 Tau,,21.05,
1852,N37 Tau B,,21.05,
1853,N32 Cen,,21.05,
1854,N36 Peg,,21.05,
1855,N6 Lac,,21.05,
1856,N10 Vel,,21.07,
1857,N10 Vel B,,21.07,from HIP; imaged companion in HIP
1858,N47 Dra,,21.07,
1859,N47 Dra B,,21.07,
1860,N5 Oct,,21.08,SB 1020 days in YPC; SB in Chr36
1861,N5 Oct B,,21.08,spectroscopic companion
1862,N32 Cas,Ross 9,21.09,
1863,N48 Dra,,21.1,
1864,N38 Aqr,,21.11,
1865,N38 Aqr B,,21.11,
1866,N37 Peg,,21.11,
1867,N23 Cyg,,21.14,
1868,N39 Aqr,,21.14,Possibly not within 25pc: Haw96 gives 80pc.
1869,N17 Ari,,21.15,
1870,N30 Ori,,21.16,
1871,N42 Oph,,21.16,
1872,N17 Per,,21.16,check parallaxes
1873,N17 Per B,,21.16,check parallaxes
1874,N17 Per C,,21.16,check parallaxes
1875,N7 Del,,21.16,
1876,N31 Leo,,21.16,
1877,N20 Pup,,21.18,
1878,N7 Crv,,21.19,"imaged companion in HIP but HIP says ""component"
1879,N49 Vir,,21.21,
1880,N43 Eri,,21.23,
1881,N26 Gem,,21.23,
1882,N18 Sco,,21.23,
1883,N11 Tel,,21.23,
1884,N22 Cep,,21.23,
1885,N19 Ser,Ross 142,21.25,
1886,N18 Ari,,21.25,
1887,N44 Eri,,21.25,
1888,N44 Eri B,,21.25,from HIP; imaged companion in HIP
1889,N27 Gem,,21.25,
1890,N20 CVn,,21.25,
1891,N45 Cet,,21.26,
1892,N38 Peg,,21.26,
1893,N38 Peg B,,21.26,
1894,N33 Cas,,21.27,
1895,N18 Per,,21.28,
1896,N40 Hya,,21.28,
1897,N40 Hya B,,21.28,from HIP; imaged companion in HIP
1898,N50 Vir,Ross 1044,21.28,
1899,N27 Cam,,21.3,
1900,N32 Leo,,21.3,
1901,N40 Aqr,,21.31,
1902,N34 Cas,,21.32,
1903,N34 Psc,,21.32,Binary c.f. Maxted et. al. (2000). PM in GCTP and CNS3/USNO disagree: using CNS3.
1904,N34 Psc B,,21.32,Spectroscopically detected close DC white dwarf companion (Maxted et al. 2000) 
1905,N9 Sex,,21.37,"SB? in CNS91; CNS91 ""VAR"" not confirmed/refuted"
1906,N17 Sgr,Ross 727,21.37,
1907,N13 Scl,,21.37,
1908,N13 Scl B,,21.37,
1909,N13 Scl C,,21.37,
1910,N20 Ser,,21.39,
1911,N28 Cam,,21.39,
1912,N28 Cam B,,21.39,from HIP
1913,N29 And,,21.4,
1914,N60 UMa,,21.4,
1915,N35 Psc,,21.4,
1916,N51 Vir,Syrma,21.4,
1917,N51 Her,,21.41,
1918,N24 Cyg,Wolf 945,21.41,
1919,N41 Aqr,,21.41,
1920,N4 Ret,,21.42,
1921,N4 Ret B,,21.42,
1922,N11 Phe,,21.43,
1923,N43 Oph,,21.44,B in CNS69 not in CNS91; additional components; CNS69 companion not in CNS91
1924,N21 Ser,,21.45,SB1 in Duq91
1925,N21 Ser B,,21.45,spectroscopic companion
1926,N41 Hya,,21.45,
1927,N7 Lac,,21.45,
1928,N7 Lac B,,21.45,
1929,N11 Hor,,21.49,
1930,N29 Cam,,21.49,
1931,N52 Her,,21.49,SB 2.88 days in YPC
1932,N52 Her B,,21.49,
1933,N31 Ori,,21.5,
1934,N33 Leo,Wolf 386,21.5,
1935,N46 Cet,,21.51,
1936,N39 Peg,,21.51,
1937,N10 Lep,,21.51,
1938,N25 Cyg,,21.51,
1939,N25 Cyg B,,21.51,
1940,N42 Aqr,,21.52,
1941,N16 Cap,,21.53,
1942,N47 Cet,,21.54,
1943,N26 Cyg,,21.55,
1944,N26 Cyg B,,21.55,
1945,N38 Tau,,21.55,
1946,N49 Dra,,21.55,
1947,N15 Pav,,21.56,
1948,N42 Hya,,21.57,
1949,N10 Sex,,21.57,
1950,N35 Cas,,21.58,
1951,N12 Phe,,21.59,
1952,N22 Ser,,21.59,
1953,N28 Gem,,21.6,
1954,N52 Vir,,21.6,
1955,N52 Vir B,,21.6,
1956,N6 Mic,,21.6,
1957,N11 Vul,,21.61,
1958,N26 Cnc,,21.61,
1959,N45 Eri,,21.63,
1960,N6 Tri,,21.65,
1961,N6 Tri B,,21.65,
1962,N6 Tri C,,21.65,
1963,N39 Tau,,21.65,
1964,N53 Vir,Ross 847,21.65,
1965,N53 Vir B,,21.65,from HIP
1966,N27 Cyg,,21.65,
1967,N33 Cen,,21.65,
1968,N33 Cen B,,21.65,
1969,N44 Oph,,21.65,
1970,N21 CVn,,21.65,
1971,N36 Psc,,21.66,
1972,N36 Psc B,,21.66,from HIP
1973,N7 Pic,,21.67,
1974,N7 Pic B,,21.67,from HIP
1975,N43 Hya,,21.67,
1976,N8 CrB,,21.67,SIMBAD lists possible fifth component
1977,N8 CrB B,,21.67,
1978,N8 CrB C,,21.67,
1979,N8 CrB D,,21.67,
1980,N48 Cet,,21.69,
1981,N23 Cep,,21.69,
1982,N11 Ara,,21.7,check parallaxes
1983,N61 UMa,,21.72,
1984,N37 Psc,,21.72,
1985,N44 Hya,,21.73,CPM with G 113-043
1986,N44 Hya B,,21.73,CPM companion with G 113-042. Take plx from A comp
1987,N27 Cnc,,21.73,
1988,N45 Oph,,21.74,
1989,N16 Pav,,21.74,
1990,N45 Hya,,21.76,
1991,N21 Pup,,21.77,
1992,N53 Her,Ross 709,21.78,
1993,N19 Lyn,,21.79,
1994,N9 CrB,,21.79,
1995,N54 Her,,21.79,
1996,N40 Tau,,21.8,
1997,N46 Oph,,21.8,"CNS91 ""SB?"" refuted in Tok92"
1998,N12 Ind,,21.8,
1999,N15 For,,21.81,
2000,N15 For B,,21.81,
2001,N50 Dra,,21.81,
2002,N29 Gem,,21.82,
2003,N16 For,,21.82,
2004,N14 Scl,,21.82,
2005,N38 Psc,,21.83,
2006,N17 For,,21.84,
2007,N16 Tuc,,21.84,
2008,N62 UMa,,21.85,
2009,N19 Sco,,21.87,
2010,N6 Hyi,,21.87,"CNS91 ""VAR"" not confirmed/refuted"
2011,N11 Vel,,21.87,
2012,N19 Lib,,21.88,
2013,N55 Her,,21.88,
2014,N20 Lyn,,21.88,
2015,N12 Ara,,21.88,
2016,N49 Cet,,21.89,
2017,N49 Cet B,,21.89,from HIP; also in YPC
2018,N22 CVn,,21.89,
2019,N43 Aqr,,21.89,
2020,N13 Phe,,21.9,
2021,N30 And,,21.91,
2022,N40 Peg,,21.91,
2023,N20 Sco,,21.92,
2024,N41 Peg,,21.93,
2025,N14 Phe,,21.93,
2026,N50 Cet,,21.93,
2027,N50 Cet B,,21.93,from HIP
2028,N11 Lep,,21.93,
2029,N47 Boo,,21.93,
2030,N12 Vul,,21.93,
2031,N12 Vul B,,21.93,
2032,N63 UMa,,21.94,
2033,N5 UMi,,21.94,
2034,N5 UMi B,,21.94,
2035,N8 Pic,,21.95,
2036,N34 Leo,,21.95,
2037,N28 Cnc,,21.98,imaged companion in HIP
2038,N28 Cnc B,,21.98,from HIP; also in YPC
2039,N48 Boo,,21.98,
2040,N51 Cet,,22.02,
2041,N51 Dra,Dsiban,22.02,
2042,N51 Dra B,,22.02,
2043,N15 Scl,,22.03,
2044,N42 Peg,,22.03,
2045,N17 Tuc,,22.03,
2046,N6 CMa,,22.04,
2047,N16 Scl,,22.05,
2048,N47 Oph,,22.05,
2049,N18 Sgr,,22.06,
2050,N28 Cyg,Gienah Cygni,22.06,"SB in CNS91; CNS91 ""SB"" confirmed via YPC"
2051,N28 Cyg B,,22.06,interferometric companion in YPC
2052,N28 Cyg C,,22.06,
2053,N49 Boo,,22.07,
2054,N49 Boo B,,22.07,
2055,N49 Boo C,,22.07,
2056,N52 Cet,,22.08,
2057,N17 Scl,,22.08,
2058,N46 Hya,,22.09,
2059,N6 Oct,,22.12,
2060,N6 Oct B,,22.12,from HIP
2061,N29 Cnc,,22.12,
2062,N54 Vir,,22.12,
2063,N24 Cep,,22.12,
2064,N55 Vir,,22.13,large HIP parallax and error; corrupted by HIP 6
2065,N13 Ind,,22.14,
2066,N36 Cas,,22.14,
2067,N52 Dra,,22.14,
2068,N10 Gru,,22.14,
2069,N31 And,Ross 322,22.17,
2070,N41 Tau,Wolf 1057,22.17,
2071,N30 Cam,,22.17,
2072,N29 Cyg,,22.2,SB 57.32 days in YPC; SB2 in Lat88
2073,N29 Cyg B,,22.2,spectroscopic companion
2074,N53 Cet,,22.2,
2075,N64 UMa,,22.2,
2076,N7 Tri,Ross 17,22.22,
2077,N42 Tau,,22.22,
2078,N19 Ari,,22.23,"additional component near A; Gl 113 """"B""""?""; CNS91 component B not confirmed/refuted"
2079,N19 Ari C,,22.23,
2080,N34 Cen,,22.23,
2081,N18 Scl,,22.24,
2082,N9 Dor,,22.24,
2083,N9 Dor B,,22.24,
2084,N30 Gem,,22.26,
2085,N9 Pic,,22.27,
2086,N30 Cnc,,22.27,
2087,N54 Cet,,22.28,
2088,N56 Vir,,22.28,
2089,N19 Sgr,,22.3,
2090,N15 Phe,,22.31,FIX DEC TO BE -50 16 08
2091,N56 Her,,22.32,
2092,N43 Peg,,22.32,large HIP parallax and error; corrupted by HIP 1
2093,N21 Lyn,,22.32,
2094,N8 LMi,,22.32,
2095,N57 Her,,22.32,
2096,N13 Ara,,22.34,
2097,N58 Her,,22.34,
2098,N5 Pyx,,22.35,
2099,N55 Cet,,22.35,
2100,N43 Tau,,22.35,
2101,N12 Vel,,22.35,
2102,N12 Vel B,,22.35,
2103,N11 Sex,,22.37,
2104,N65 UMa,,22.37,
2105,N25 Aql,,22.37,
2106,N25 Aql B,,22.37,
2107,N32 Ori,Ross 49,22.39,
2108,N32 Ori B,,22.39,from HIP
2109,N35 Leo,Ross 89,22.39,
2110,N20 Ari,,22.41,
2111,N56 Cet,,22.42,
2112,N56 Cet B,,22.42,
2113,N50 Boo,,22.42,
2114,N44 Aqr,,22.42,
2115,N44 Aqr B,,22.42,
2116,N8 Lac,,22.42,
2117,N23 Ser,,22.43,large HIP parallax and error; corrupted by HIP 7
2118,N24 Ser,Unukalhai,22.43,
2119,N30 Cyg,,22.43,SB? in CNS91;
2120,N30 Cyg B,,22.43,SB? in CNS91
2121,N7 Mic,,22.44,
2122,N22 Pup,,22.45,
2123,N22 Pup B,,22.45,
2124,N18 For,,22.46,
2125,N18 For B,,22.46,
2126,N25 Ser,,22.46,SB2 in Tok92
2127,N25 Ser B,,22.46,from HIP; spectroscopic companion
2128,N21 Sco,,22.46,
2129,N4 Cae,,22.46,
2130,N31 Cyg,Ross 765,22.46,
2131,N44 Peg,,22.47,
2132,N44 Peg B,,22.47,
2133,N51 Boo,,22.49,
2134,N13 Car,,22.5,
2135,N57 Vir,Heze,22.5,
2136,N31 Cnc,,22.51,
2137,N8 Crv,,22.52,
2138,N32 And,,22.52,
2139,N44 Tau,,22.52,
2140,N10 Dor,,22.52,
2141,N23 CVn,,22.52,
2142,N66 UMa,,22.53,"YPC negative parallax set = 0; CNS69 ""VAR"" not confirmed/refuted"
2143,N66 UMa B,,22.53,YPC negative parallax set = 0
2144,N66 UMa C,,22.53,YPC negative parallax set = 0
2145,N45 Peg,,22.55,
2146,N46 Peg,,22.55,
2147,N7 Hyi,,22.57,
2148,N67 UMa,,22.57,
2149,N19 Aur,,22.57,
2150,N48 Oph,,22.58,
2151,N45 Aqr,,22.58,
2152,N36 Leo,,22.58,
2153,N36 Leo B,,22.58,
2154,N11 Gru,,22.59,
2155,N33 Ori,,22.62,
2156,N26 Aql,,22.62,
2157,N58 Vir,,22.64,
2158,N14 Crt,,22.67,
2159,N14 Crt B,,22.67,from HIP
2160,N7 CMa,,22.67,
2161,N7 CMa B,,22.67,from HIP; imaged companion in HIP
2162,N47 Peg,,22.68,
2163,N9 Lac,,22.68,
2164,N15 Lyr,,22.68,
2165,N8 Ant,,22.71,
2166,N8 Del,,22.71,
2167,N57 Cet,,22.71,
2168,N39 Psc,,22.71,
2169,N40 Psc,,22.73,
2170,N19 Per,,22.73,
2171,N59 Her,,22.73,
2172,N46 Aqr,,22.74,V mag in YPC questionable
2173,N68 UMa,,22.77,
2174,N12 Tel,,22.77,
2175,N33 And,,22.78,
2176,N22 Lyn,,22.79,
2177,N69 UMa,,22.79,
2178,N12 Lep,,22.8,
2179,N12 Lep B,,22.8,from HIP
2180,N15 Crt,,22.81,"CNS91 ""VAR"" not confirmed/refuted"
2181,N45 Tau,Wolf 1322,22.83,
2182,N12 Gru,,22.83,
2183,N58 Cet,Wolf 1132,22.84,
2184,N53 Dra,,22.85,
2185,N19 Scl,,22.86,
2186,N59 Cet,,22.87,
2187,N70 UMa,,22.87,
2188,N16 Lyr,,22.88,
2189,N13 Vul,,22.88,
2190,N60 Her,,22.89,
2191,N34 And,Ross 680,22.9,
2192,N16 Crt,,22.9,
2193,N24 CVn,,22.9,
2194,N13 Gru,,22.91,
2195,N27 Aql,,22.93,
2196,N16 Phe,,22.94,SB 411 days in YPC
2197,N16 Phe B,,22.94,
2198,N8 CMa,Ross 56,22.94,
2199,N9 LMi,,22.94,
2200,N10 CrB,Alphecca,22.94,eclipsing SB 17.36 days in YPC
2201,N10 CrB B,,22.94,
2202,N52 Boo,,22.94,
2203,N17 Pav,,22.95,
2204,N35 Cen,,22.95,
2205,N13 Tel,,22.95,
2206,N13 Tel B,,22.95,from HIP
2207,N17 Cap,,22.96,
2208,N21 Ari,,22.98,
2209,N21 Ari B,,22.98,
2210,N21 Ari C,,22.98,
2211,N14 Ind,,22.98,
2212,N14 Ind B,,22.98,from HIP
2213,N71 UMa,,22.99,
2214,N37 Cas,,22.99,
2215,N37 Cas B,,22.99,
2216,N7 Oct,,23.03,A&B have different HIP plx but plx err of B is large. Suspect the mismatch in PM is erroneous; and that the 2 comps are actually part of the same system.
2217,N7 Oct B,,23.03,A&B have different HIP plx but plx err of B is large. Suspect the mismatch in PM is erroneous; and that the 2 comps are actually part of the same system.
2218,N60 Cet,,23.03,
2219,N25 CVn,,23.03,
2220,N10 Lac,,23.04,
2221,N41 Psc,,23.04,
2222,N38 Cas,,23.04,
2223,N39 Cas,,23.04,
2224,N39 Cas B,,23.04,
2225,N46 Tau,,23.04,
2226,N46 Tau B,,23.04,
2227,N31 Cam,,23.05,
2228,N72 UMa,Ross 447,23.07,
2229,N32 Cyg,,23.08,
2230,N34 Ori,,23.09,
2231,N61 Cet,,23.09,
2232,N47 Aqr,,23.09,Possibly not within 25pc: Haw96 gives 95pc.
2233,N42 Psc,,23.1,SB in CNS91; SB2 in Gri87
2234,N42 Psc B,,23.1,spectroscopic companion
2235,N59 Vir,Wolf 1060,23.11,
2236,N20 Per,Ross 364,23.12,2 HIP numbers; only 1 parallax
2237,N20 Per B,Ross 365,23.12,
2238,N26 CVn,,23.12,
2239,N36 Cen,,23.13,
2240,N25 Cep,,23.15,
2241,N35 And,,23.15,
2242,N37 Leo,,23.16,
2243,N37 Leo B,,23.16,
2244,N27 CVn,,23.16,
2245,N27 CVn B,,23.16,from HIP; imaged companion in HIP
2246,N73 UMa,,23.16,
2247,N33 Cyg,,23.17,
2248,N15 Ind,,23.17,
2249,N22 Ari,,23.18,
2250,N47 Hya,,23.18,
2251,N43 Psc,,23.19,
2252,N26 Ser,,23.19,
2253,N36 And,,23.2,
2254,N36 And B,,23.2,
2255,N18 Mon,,23.2,
2256,N11 Lac,Ross 668,23.2,HIP number; no parallax; C optical in CNS91
2257,N11 Lac B,,23.2,
2258,N11 Lac C,,23.2,
2259,N5 Ret,,23.21,
2260,N14 Tel,,23.21,
2261,N31 Gem,,23.22,
2262,N74 UMa,,23.22,
2263,N60 Vir,,23.23,
2264,N16 Ind,,23.23,
2265,N75 UMa,,23.24,
2266,N75 UMa B,,23.24,SB 23.54 days in YPC
2267,N75 UMa C,,23.24,
2268,N22 Sco,,23.24,
2269,N61 Her,Wolf 835,23.25,
2270,N62 Cet,,23.26,
2271,N7 Lup,,23.26,
2272,N62 Her,,23.26,
2273,N28 Aql,,23.26,
2274,N17 Phe,,23.3,
2275,N63 Her,,23.3,
2276,N63 Her B,,23.3,
2277,N64 Her,,23.3,
2278,N64 Her B,,23.3,from HIP
2279,N65 Her,,23.3,
2280,N66 Her,,23.31,Updated RA error in PLX
2281,N49 Oph,Wolf 1471,23.31,
2282,N46 Eri,,23.32,
2283,N48 Hya,,23.32,
2284,N37 Cen,,23.35,CNS79 companion not confirmed/refuted
2285,N14 Gru,,23.36,
2286,N67 Her,,23.36,
2287,N34 Cyg,,23.36,
2288,N54 Dra,,23.37,
2289,N18 Pav,,23.38,
2290,N18 Phe,,23.4,
2291,N49 Hya,,23.4,
2292,N19 For,,23.41,
2293,N63 Cet,,23.42,
2294,N8 Mic,,23.42,
2295,N8 Mic B,,23.42,
2296,N32 Cnc,,23.42,
2297,N76 UMa,,23.43,
2298,N68 Her,,23.43,
2299,N68 Her B,,23.43,
2300,N64 Cet,,23.44,
2301,N17 Lyr,,23.44,
2302,N37 And,,23.45,
2303,N11 CrB,,23.45,
2304,N48 Peg,,23.46,
2305,N55 Dra,,23.46,SB 5.28 days in YPC
2306,N55 Dra B,,23.46,
2307,N19 Phe,,23.47,
2308,N65 Cet,,23.47,
2309,N47 Tau,,23.47,
2310,N33 Cnc,,23.47,
2311,N77 UMa,,23.47,
2312,N77 UMa B,,23.47,
2313,N35 Cyg,Ross 201,23.47,
2314,N21 Per,,23.48,
2315,N32 Cam,,23.48,
2316,N32 Cam B,,23.48,
2317,N20 Phe,,23.49,
2318,N61 Vir,Wolf 490,23.49,
2319,N10 Pic,,23.5,
2320,N20 Sgr,Kaus Borealis,23.5,
2321,N15 Gru,,23.5,
2322,N15 Gru B,,23.5,
2323,N48 Aqr,,23.5,
2324,N53 Boo,,23.51,check parallaxes
2325,N53 Boo B,,23.51,
2326,N53 Boo C,,23.51,
2327,N69 Her,,23.52,
2328,N40 Cas,,23.53,
2329,N27 Ser,,23.53,
2330,N49 Aqr,,23.53,
2331,N14 Car,,23.55,
2332,N50 Hya,,23.55,
2333,N26 Cep,,23.55,
2334,N26 Cep B,,23.55,
2335,N20 Lib,,23.57,
2336,N44 Psc,,23.57,
2337,N50 Aqr,Wolf 1336,23.58,
2338,N54 Boo,,23.6,
2339,N66 Cet,,23.6,
2340,N66 Cet B,,23,
2341,N67 Cet,,23.61,
2342,N8 PsA,,23.61,
2343,N8 PsA B,,23.61,
2344,N21 Lib,Zubenelgenubi,23.62,"YPC ""occultation double"" not confirmed/refuted"
2345,N21 Lib B,,23.62,occultation double; SB1 in Duq91
2346,N21 Lib C,,23.62,
2347,N51 Hya,,23.64,
2348,N38 And,,23.64,
2349,N9 Mic,,23.64,
2350,N2 Cir,,23.65,
2351,N70 Her,,23.65,
2352,N32 Gem,,23.7,
2353,N36 Cyg,,23.71,
2354,N16 Gru,,23.73,
2355,N38 Leo,,23.74,
2356,N38 Leo B,,23.74,
2357,N78 UMa,,23.74,
2358,N21 Phe,,23.74,
2359,N39 And,,23.74,SB 2.2 days in YPC
2360,N39 And B,,23.74,
2361,N79 UMa,,23.74,
2362,N39 Leo,Regulus,23.75,
2363,N39 Leo B,,23.75,
2364,N22 Phe,Ankaa,23.75,SB 3849 days in YPC
2365,N22 Phe B,,23.75,
2366,N52 Hya,,23.75,
2367,N47 Eri,,23.76,
2368,N47 Eri B,,23.76,from HIP
2369,N71 Her,,23.77,speckle companion? in YPC; additional component
2370,N71 Her B,,23.77,
2371,N55 Boo,,23.78,
2372,N10 Mic,,23.78,
2373,N21 Sgr,,23.79,
2374,N48 Eri,,23.8,
2375,N38 Cen,,23.81,
2376,N38 Cen B,,23.81,from HIP; imaged companion in HIP
2377,N56 Dra,,23.82,"A but no B in CNS91; similar mu but different p; CNS69 companion not in CNS91: ""optical"""
2378,N35 Ori,,23.84,
2379,N28 CVn,,23.87,
2380,N11 Pic,,23.87,
2381,N11 Pic B,,23.87,
2382,N12 Pic,,23.9,"imaged companion in HIP but HIP says ""ambiguous"
2383,N56 Boo,,23.9,
2384,N45 Psc,,23.92,SB 14 days in YPC
2385,N45 Psc B,,23.92,
2386,N27 Cep,Wolf 1106,23.92,
2387,N8 Lup,,23.93,
2388,N28 Cep,Wolf 1080,23.94,
2389,N29 Cep,,23.94,
2390,N6 CrA,,23.96,
2391,N68 Cet,,23.96,
2392,N49 Peg,,23.98,
2393,N48 Tau,,23.98,
2394,N53 Hya,,23.98,
2395,N23 Pup,,23.99,
2396,N23 Pup B,,23.99,from HIP; also in YPC
2397,N3 Cir,,23.99,
2398,N3 Cir B,,23.99,from HIP
2399,N22 Lib,,23.99,
2400,N22 Lib B,,23.99,
2401,N40 Leo,,24,
2402,N36 Ori,,24.02,
2403,N12 Hor,,24.03,
2404,N54 Hya,Ross 687,24.03,
2405,N54 Hya B,,24.03,
2406,N18 Lyr,,24.03,
2407,N18 Lyr B,,24.03,
2408,N46 Psc,,24.04,
2409,N9 Ant,,24.04,
2410,N72 Her,,24.05,
2411,N9 CMa,,24.06,
2412,N22 Sgr,,24.06,"imaged companion in HIP but HIP says ""ambiguous"
2413,N50 Oph,,24.08,
2414,N50 Peg,,24.08,
2415,N73 Her,Sarin,24.08,
2416,N41 Cas,,24.1,
2417,N24 Pup,,24.1,"CNS91 ""VAR"" not confirmed/refuted"
2418,N12 CrB,,24.1,
2419,N4 Nor,,24.1,
2420,N39 Cen,,24.1,
2421,N69 Cet,,24.11,
2422,N69 Cet B,,24.11,
2423,N55 Hya,,24.13,
2424,N23 Lyn,,24.13,
2425,N30 Cep,,24.13,
2426,N41 Leo,Wolf 370,24.13,
2427,N13 Vel,,24.15,
2428,N4 Cir,,24.15,
2429,N17 Ind,,24.15,
2430,N42 Cas,,24.17,
2431,N22 Per,,24.17," CNS79 component C has ""a very different parallax"""
2432,N22 Per B,,24.17,SB in CNS91
2433,N3 Mus,,24.17,
2434,N29 CVn,,24.18,
2435,N19 Pav,,24.18,
2436,N80 UMa,,24.19,
2437,N6 UMi,,24.19,
2438,N23 Phe,,24.2,
2439,N70 Cet,,24.21,
2440,N70 Cet B,,24.21,
2441,N28 Ser,,24.21,
2442,N40 Cen,,24.22,
2443,N57 Boo,,24.22,
2444,N8 Oct,,24.22,
2445,N40 And,Ross 244,24.23,
2446,N33 Gem,,24.24,
2447,N37 Cyg,,24.25,
2448,N51 Peg,,24.25,
2449,N38 Cyg,,24.25,
2450,N10 CMa,,24.26,
2451,N62 Vir,,24.26,
2452,N17 Crt,,24.27,
2453,N17 Crt B,,24.27,from HIP; imaged companion in HIP
2454,N23 Lib,,24.27,
2455,N20 Aur,,24.27,
2456,N20 Aur B,,24.27,
2457,N49 Eri,,24.28,
2458,N63 Vir,,24.28,
2459,N52 Peg,,24.28,
2460,N34 Cnc,,24.29,
2461,N34 Cnc B,,24.29,
2462,N34 Cnc C,,24.29,
2463,N57 Dra,,24.29,
2464,N14 Vel,,24.3,
2465,N47 Psc,,24.3,
2466,N71 Cet,,24.31,
2467,N35 Cnc,,24.31,SB 10.25 days in YPC
2468,N35 Cnc B,,24.31,
2469,N7 UMi,,24.32,
2470,N24 Lib,,24.32,
2471,N12 Sex,,24.33,
2472,N81 UMa,Merak,24.33,
2473,N82 UMa,Ross 492,24.33,
2474,N5 Equ,,24.33,
2475,N13 Hor,,24.34,
2476,N13 Lep,,24.34,
2477,N21 Aur,,24.34,
2478,N21 Aur B,,24.34,
2479,N18 Cap,,24.34,
2480,N18 Cap B,,24.34,
2481,N72 Cet,,24.35,
2482,N41 Cen,,24.35,
2483,N41 Cen B,,24.35,from HIP
2484,N34 Gem,,24.36,B in CNS69 not in CNS91; CNS69 companion not in CNS91; refuted via 2 DSS
2485,N23 Sco,,24.36,SB 31.85 days in YPC
2486,N23 Sco B,,24.36,
2487,N23 Sco C,,24.36,from HIP; imaged companion in HIP
2488,N20 Scl,,24.39,
2489,N30 CVn,,24.4,
2490,N42 Leo,,24.4,
2491,N42 Leo B,,24.4,
2492,N24 Lyn,,24.43,
2493,N83 UMa,,24.43,
2494,N58 Dra,,24.43,
2495,N15 Vel,,24.44,
2496,N15 Vel B,,24.44,
2497,N15 Vel C,,24.44,
2498,N15 Vel D,,24.44,
2499,N84 UMa,Mizar,24.44,Mizar = 1323+5455 A. Hip2 puts Mizar/Alcor just outside 25 pc.
2500,N84 UMa B,,24.44,"1323+5455 B sep 14.4"" @ 152d from A (YPC95)"
2501,N84 UMa C,,24.44,1323+5455 C: SB with A P=20.5386d (YPC95)
2502,N84 UMa D,,24.44,1323+5455 D: SB with B P=175.55d (YPC95)
2503,N84 UMa E,Alcor A,24.44,"Alcor = 1323+5455 E: sep 708"" @ 70d from A (YPC95)"
2504,N84 UMa F,Alcor B,24.44,"Alcor B detected 2009. Sep 1"".11 (28 AU)"
2505,N31 Cep,,24.44,
2506,N31 Cep B,,24.44,from HIP
2507,N13 Pic,,24.45,
2508,N43 Leo,,24.45,
2509,N21 Scl,,24.45,
2510,N41 And,,24.46,"CNS91 ""SB"" not confirmed/refuted"
2511,N42 Cen,,24.47,
2512,N12 Com,Wolf 408,24.49,
2513,N9 Lup,,24.5,
2514,N9 PsA,,24.5,
2515,N9 PsA B,,24.5,from HIP
2516,N23 Per,,24.51,
2517,N85 UMa,,24.51,
2518,N51 Oph,Ross 133,24.51,
2519,N7 Sge,Wolf 871,24.51,
2520,N7 Sge B,,24.51,from HIP; also in YPC
2521,N59 Dra,,24.54,
2522,N29 Aql,,24.54,
2523,N8 Tri,,24.55,
2524,N33 Cam,,24.55,
2525,N56 Hya,,24.56,CNS69 companion not in CNS91; refuted in LHS79
2526,N30 Aql,,24.56,"CNS91 ""SB"" confirmed in Duq91"
2527,N30 Aql B,,24.56,also in HIP
2528,N53 Peg,Ross 778,24.57,
2529,N42 And,,24.58,
2530,N14 Lep,,24.61,
2531,N24 Phe,,24.61,
2532,N50 Eri,,24.62,
2533,N86 UMa,,24.62,
2534,N35 Gem,Ross 62,24.63,
2535,N36 Gem,,24.63,SB 32.81 days in YPC; occultation triple in YPC; SB in YPC
2536,N36 Gem B,,24.63,
2537,N36 Gem C,,24.63,spectroscopic companion
2538,N23 Sgr,Ross 162,24.63,HIP plx shows > 25 pc
2539,N54 Peg,,24.65,
2540,N24 Per,,24.65,SB 331 days in YPC
2541,N24 Per B,,24.65,
2542,N55 Peg,,24.68,
2543,N55 Peg B,,24.68,
2544,N49 Tau,,24.69,
2545,N14 Vul,,24.69,
2546,N14 Vul B,,24.69,from HIP; also in YPC; imaged companion in HIP
2547,N39 Cyg,,24.7,
2548,N9 Oct,,24.72,YPC negative parallax set = 0
2549,N64 Vir,,24.72,
2550,N64 Vir B,,24.72,
2551,N17 Gru,,24.73,
2552,N9 CMi,,24.73,
2553,N74 Her,,24.73,
2554,N58 Boo,,24.74,
2555,N15 Vul,,24.75,
2556,N43 And,,24.75,
2557,N10 Lup,,24.76,
2558,N25 Lib,,24.76,
2559,N51 Aqr,,24.76,
2560,N52 Oph,Sabik,24.76,CNS91 component C not confirmed/refuted
2561,N52 Oph B,,24.76,
2562,N87 UMa,,24.78,
2563,N29 Ser,,24.79,
2564,N29 Ser B,,24.79,
2565,N34 Cam,,24.8,
2566,N6 Equ,,24.8,
2567,N19 Mon,,24.8,
2568,N56 Peg,,24.8,
2569,N20 For,,24.81,plx different from B/C. HIP 1 said A > 25pc; HIP2 said B/C > 25pc
2570,N20 For B,,24.81,
2571,N20 For C,,24.81,from HIP
2572,N50 Tau,,24.81,
2573,N35 Cam,,24.83,
2574,N65 Vir,,24.83,
2575,N44 And,,24.84,
2576,N40 Cyg,,24.85,
2577,N40 Cyg B,,24.85,
2578,N52 Aqr,,24.85,SB2 in Sar61
2579,N52 Aqr B,,24.85,
2580,N52 Aqr C,,24.85,spectroscopic companion
2581,N73 Cet,,24.88,
2582,N37 Gem,,24.88,
2583,N66 Vir,,24.88,
2584,N66 Vir B,,24.88,
2585,N30 Ser,,24.88,
2586,N51 Eri,,24.88,
2587,N52 Eri,,24.89,
2588,N15 Lep,,24.89,SB in CNS69 not in CNS91; additional components
2589,N59 Boo,,24.89,
2590,N51 Tau,,24.9,SB2 in Tok91
2591,N51 Tau B,,24.9,spectroscopic companion
2592,N88 UMa,,24.91,
2593,N89 UMa,Megrez,24.91,
2594,N74 Cet,Kaffaljidhma,24.93,
2595,N74 Cet B,,24.93,
2596,N74 Cet C,,24.93,
2597,N8 UMi,,24.94,
2598,N9 Crv,,24.94,CNS91 companion refuted via 2 DSS epochs
2599,N32 Cep,,24.94,
2600,N10 Crv,,24.96,
2601,N10 Crv B,,24.96,
2602,N38 Gem,,24.98,
2603,N38 Gem B,Ross 419,24.98,Record added from MOD1A.000620.update
2604,N53 Eri,68 Eri,24.99,
2605,N53 Oph,,24.99,
2606,N75 Her,,24.99,
2607,N60 Boo,,25,On border of 25pc with large error and no Hipparcos plx
2608,N31 Ser,,25,On border of 25pc with large error and no Hipparcos plx
2609,N4 Sct,Wolf 1462,25,